0.8220410000 0.7859310000 0.7508770000 0.7204230000 0.6927560000 0.6700430000 0.4084716773 0.7129339658 0.7192573943 0.7245330327 0.7325822003 0.9038182126 0.8318595509 0.7859310000 0.7508770000 0.7204230000 0.6927560000 0.5824328858 0.4853179801 0.4270010000 0.7129339658 0.7245330327 0.7288300439 0.4262302727 0.4351324774 0.4301878394 0.8888060000 0.8518060000 0.8220410000 0.7859310000 0.7508770000 0.7204230000 0.6927560000 0.6700430000 0.6863660000 0.5839250000 0.5365220000 0.5074330000 0.4724900000 0.4270010000 0.3873210000 0.7129339658 0.7192573943 0.7245330327 0.7288300439 0.7320944545 0.7312889276 0.4262302727 0.4351324774 0.4301878394 0.8372648037 0.7232929530 0.6307625043 0.6425534292 0.6597129043 0.6714457296 0.6675757631
0.4551660000 0.3829460000 0.3240600000 0.2819760000 0.2540720000 0.2376980000 0.2321554382 0.2797238704 0.2904898664 0.3004265833 0.3194942685 0.7001240374 0.4799774271 0.3829460000 0.3240600000 0.2819760000 0.2540720000 0.4496359360 0.2994450663 0.2434230000 0.2797238704 0.3004265833 0.3097072399 0.2445728625 0.2618202813 0.2777506174 0.6500820000 0.5303820000 0.4551660000 0.3829460000 0.3240600000 0.2819760000 0.2540720000 0.2376980000 0.5483650000 0.4537350000 0.4002170000 0.3333470000 0.2797800000 0.2434230000 0.2159970000 0.2797238704 0.2904898664 0.3004265833 0.3097072399 0.3178962290 0.3210586309 0.2445728625 0.2618202813 0.2777506174 0.3127249568 0.0707133081 0.0269941904 0.0397608449 0.0554098601 0.0668250816 0.0641999604
0.4186930000 0.3427450000 0.2790210000 0.2305520000 0.1965130000 0.1761330000 0.0372148906 0.2263104077 0.2383460413 0.2491421452 0.2680789241 0.6649429177 0.4432811058 0.3427450000 0.2790210000 0.2305520000 0.1965130000 0.2340936865 0.0752817805 0.0413460000 0.2263104077 0.2491421452 0.2587755979 0.0503739320 0.0620096803 0.0683334711 0.6117640000 0.4932320000 0.4186930000 0.3427450000 0.2790210000 0.2305520000 0.1965130000 0.1761330000 0.3590410000 0.2318870000 0.1725510000 0.1037510000 0.0587680000 0.0413460000 0.0290330000 0.2263104077 0.2383460413 0.2491421452 0.2587755979 0.2666934148 0.2682815036 0.0503739320 0.0620096803 0.0683334711 0.3100335078 0.0715020836 0.0273944610 0.0416142541 0.0559389034 0.0644868877 0.0588573496
0.4506810000 0.3789080000 0.3200270000 0.2776060000 0.2488870000 0.2317540000 0.1480385806 0.2757935300 0.2864921871 0.2960205833 0.3131636299 0.6940802670 0.4751965346 0.3789080000 0.3200270000 0.2776060000 0.2488870000 0.3772852207 0.2149454035 0.1584740000 0.2757935300 0.2960205833 0.3045486789 0.1610011308 0.1789980146 0.1949949895 0.6437000000 0.5250000000 0.4506810000 0.3789080000 0.3200270000 0.2776060000 0.2488870000 0.2317540000 0.4875940000 0.3806310000 0.3223590000 0.2504650000 0.1943420000 0.1584740000 0.1321000000 0.2757935300 0.2864921871 0.2960205833 0.3045486789 0.3118075303 0.3135923004 0.1610011308 0.1789980146 0.1949949895 0.3107200716 0.0696316109 0.0263659687 0.0395043918 0.0546835038 0.0651263077 0.0614748423
0.4987670000 0.4334110000 0.3801360000 0.3426620000 0.3178350000 0.3032440000 0.2129328994 0.3428240715 0.3521207176 0.3601509276 0.3741213867 0.7238421858 0.5214900264 0.4334110000 0.3801360000 0.3426620000 0.3178350000 0.4317316789 0.2785451197 0.2235300000 0.3428240715 0.3601509276 0.3671172933 0.2248862872 0.2425766615 0.2591912773 0.6778720000 0.5676520000 0.4987670000 0.4334110000 0.3801360000 0.3426620000 0.3178350000 0.3032440000 0.5360390000 0.4356710000 0.3801100000 0.3125230000 0.2588360000 0.2235300000 0.1973170000 0.3428240715 0.3521207176 0.3601509276 0.3671172933 0.3730115078 0.3739217608 0.2248862872 0.2425766615 0.2591912773 0.3408719138 0.0820912563 0.0330587388 0.0465297096 0.0636875042 0.0768438807 0.0748187238
0.2760690000 0.1973830000 0.1377830000 0.1009570000 0.0770730000 0.0647620000 0.0526967403 0.1001718795 0.1115672235 0.1218642933 0.1404455038 0.5627733716 0.3020072596 0.1973830000 0.1377830000 0.1009570000 0.0770730000 0.2558394720 0.1001805710 0.0594580000 0.1001718795 0.1218642933 0.1311771561 0.0655246406 0.0791041229 0.0880900452 0.4942070000 0.3547010000 0.2760690000 0.1973830000 0.1377830000 0.1009570000 0.0770730000 0.0647620000 0.3610560000 0.2533960000 0.2010620000 0.1302010000 0.0827670000 0.0594580000 0.0414580000 0.1001718795 0.1115672235 0.1218642933 0.1311771561 0.1390193306 0.1413350727 0.0655246406 0.0791041229 0.0880900452 0.2101484737 0.0390243282 0.0120121035 0.0232209782 0.0326923421 0.0360451654 0.0295795799
0.5287400000 0.4566430000 0.3915880000 0.3367760000 0.2976580000 0.2735910000 0.0462130470 0.3299566918 0.3421391670 0.3533905319 0.3739179785 0.7377704401 0.5511704326 0.4566430000 0.3915880000 0.3367760000 0.2976580000 0.2617076199 0.0852689096 0.0500180000 0.3299566918 0.3533905319 0.3637427490 0.0615743626 0.0730105807 0.0777789741 0.6959020000 0.5967380000 0.5287400000 0.4566430000 0.3915880000 0.3367760000 0.2976580000 0.2735910000 0.4137130000 0.2665770000 0.1895500000 0.1152020000 0.0679060000 0.0500180000 0.0385890000 0.3299566918 0.3421391670 0.3533905319 0.3637427490 0.3723904116 0.3746754067 0.0615743626 0.0730105807 0.0777789741 0.4478531242 0.1619758804 0.0864340595 0.1060099144 0.1250284795 0.1381719085 0.1327925814
0.7237370000 0.6962500000 0.6725500000 0.6553390000 0.6402550000 0.6289360000 0.1290590551 0.6532720743 0.6581738101 0.6616128767 0.6642262228 0.8382341501 0.7338986147 0.6962500000 0.6725500000 0.6553390000 0.6402550000 0.4014337187 0.2000465398 0.1328580000 0.6532720743 0.6616128767 0.6635952094 0.1474292653 0.1645446640 0.1815226099 0.8122830000 0.7545420000 0.7237370000 0.6962500000 0.6725500000 0.6553390000 0.6402550000 0.6289360000 0.5457330000 0.4147730000 0.3323090000 0.2442000000 0.1744350000 0.1328580000 0.1126350000 0.6532720743 0.6581738101 0.6616128767 0.6635952094 0.6643197750 0.6611021887 0.1474292653 0.1645446640 0.1815226099 0.5762269045 0.2883410361 0.2019312784 0.2226384993 0.2424177018 0.2580267281 0.2551045965
0.5038490000 0.4391780000 0.3829540000 0.3378850000 0.3046620000 0.2835510000 0.0486182329 0.3314307647 0.3424025399 0.3524075966 0.3705005627 0.7154130431 0.5247973312 0.4391780000 0.3829540000 0.3378850000 0.3046620000 0.2493391739 0.0864454964 0.0522640000 0.3314307647 0.3524075966 0.3615156728 0.0620222993 0.0736844253 0.0806790137 0.6697250000 0.5673540000 0.5038490000 0.4391780000 0.3829540000 0.3378850000 0.3046620000 0.2835510000 0.3779070000 0.2490850000 0.1862340000 0.1154590000 0.0696160000 0.0522640000 0.0407370000 0.3314307647 0.3424025399 0.3524075966 0.3615156728 0.3691390509 0.3712497748 0.0620222993 0.0736844253 0.0806790137 0.3489506934 0.0909246124 0.0384355576 0.0533425266 0.0700084861 0.0816153254 0.0776448803
0.6294700000 0.5841400000 0.5460930000 0.5187810000 0.4985420000 0.4849430000 0.1068857733 0.5195873763 0.5261540944 0.5308542172 0.5355137777 0.7920907128 0.6455059219 0.5841400000 0.5460930000 0.5187810000 0.4985420000 0.3783612066 0.1849060241 0.1159900000 0.5195873763 0.5308542172 0.5337997787 0.1214216970 0.1431834707 0.1652746615 0.7581980000 0.6780830000 0.6294700000 0.5841400000 0.5460930000 0.5187810000 0.4985420000 0.4849430000 0.5151530000 0.3883820000 0.3123480000 0.2277570000 0.1600500000 0.1159900000 0.0884470000 0.5195873763 0.5261540944 0.5308542172 0.5337997787 0.5354063091 0.5319489223 0.1214216970 0.1431834707 0.1652746615 0.4727644262 0.1703465908 0.0928721233 0.1109245456 0.1326593258 0.1503934166 0.1489963404
0.6938030000 0.6630450000 0.6387200000 0.6241600000 0.6129170000 0.6049870000 0.1232371424 0.6260433018 0.6304128884 0.6330537607 0.6335330139 0.8229881869 0.7055044432 0.6630450000 0.6387200000 0.6241600000 0.6129170000 0.4023156550 0.2044442958 0.1316080000 0.6260433018 0.6330537607 0.6340207017 0.1387237990 0.1604899993 0.1836985142 0.7943070000 0.7292760000 0.6938030000 0.6630450000 0.6387200000 0.6241600000 0.6129170000 0.6049870000 0.5403810000 0.4141130000 0.3358400000 0.2491990000 0.1784840000 0.1316080000 0.1038810000 0.6260433018 0.6304128884 0.6330537607 0.6340207017 0.6337967848 0.6295690335 0.1387237990 0.1604899993 0.1836985142 0.5299383832 0.2293163734 0.1442976258 0.1631828400 0.1854506496 0.2041557008 0.2035672922
0.2384030000 0.1608240000 0.1038340000 0.0713810000 0.0508350000 0.0410130000 0.0431005513 0.0725697054 0.0834301387 0.0928788927 0.1086976661 0.5328467015 0.2641759952 0.1608240000 0.1038340000 0.0713810000 0.0508350000 0.2435456632 0.0880596451 0.0493470000 0.0725697054 0.0928788927 0.1010239266 0.0562566715 0.0690254807 0.0763539197 0.4604240000 0.3165340000 0.2384030000 0.1608240000 0.1038340000 0.0713810000 0.0508350000 0.0410130000 0.3492850000 0.2408910000 0.1883380000 0.1173320000 0.0710800000 0.0493470000 0.0324730000 0.0725697054 0.0834301387 0.0928788927 0.1010239266 0.1075779111 0.1084358933 0.0562566715 0.0690254807 0.0763539197 0.1930709493 0.0350527337 0.0103909429 0.0213485801 0.0298285481 0.0318587714 0.0248050989
0.4582640000 0.3862640000 0.3273590000 0.2851190000 0.2569990000 0.2404300000 0.2168560760 0.2833606415 0.2940074967 0.3036670186 0.3217104486 0.7017854150 0.4829886715 0.3862640000 0.3273590000 0.2851190000 0.2569990000 0.4375633034 0.2844846658 0.2280380000 0.2833606415 0.3036670186 0.3125183425 0.2295936106 0.2469197767 0.2626538658 0.6521320000 0.5332170000 0.4582640000 0.3862640000 0.3273590000 0.2851190000 0.2569990000 0.2404300000 0.5391760000 0.4417350000 0.3868530000 0.3188600000 0.2645450000 0.2280380000 0.2006580000 0.2833606415 0.2940074967 0.3036670186 0.3125183425 0.3202268085 0.3227267451 0.2295936106 0.2469197767 0.2626538658 0.3158029083 0.0715072637 0.0272933376 0.0402254443 0.0559706800 0.0674047989 0.0646220465
0.4578000000 0.3861230000 0.3278050000 0.2862620000 0.2588010000 0.2427310000 0.2440812948 0.2838039084 0.2945254748 0.3045107348 0.3239575678 0.7017384779 0.4824629860 0.3861230000 0.3278050000 0.2862620000 0.2588010000 0.4583264322 0.3107187575 0.2553320000 0.2838039084 0.3045107348 0.3139314178 0.2561340439 0.2733219613 0.2894529056 0.6518610000 0.5325660000 0.4578000000 0.3861230000 0.3278050000 0.2862620000 0.2588010000 0.2427310000 0.5548730000 0.4622530000 0.4099240000 0.3441340000 0.2913360000 0.2553320000 0.2280570000 0.2838039084 0.2945254748 0.3045107348 0.3139314178 0.3223086054 0.3258189939 0.2561340439 0.2733219613 0.2894529056 0.3128112206 0.0710289676 0.0272574446 0.0399614070 0.0556609105 0.0672013853 0.0647338029
0.3576110000 0.2771860000 0.2124850000 0.1662740000 0.1349750000 0.1173200000 0.0282689024 0.1639337364 0.1760758722 0.1868983736 0.2055948073 0.6229983476 0.3836125945 0.2771860000 0.2124850000 0.1662740000 0.1349750000 0.2196177920 0.0646167326 0.0323640000 0.1639337364 0.1868983736 0.1964696475 0.0411303712 0.0523799698 0.0577930388 0.5639360000 0.4364350000 0.3576110000 0.2771860000 0.2124850000 0.1662740000 0.1349750000 0.1173200000 0.3428300000 0.2157680000 0.1588810000 0.0921170000 0.0486650000 0.0323640000 0.0203890000 0.1639337364 0.1760758722 0.1868983736 0.1964696475 0.2042509599 0.2055664564 0.0411303712 0.0523799698 0.0577930388 0.2896693036 0.0638435899 0.0235626363 0.0373353454 0.0505150578 0.0576838738 0.0515402810
0.6132560000 0.5432910000 0.4784360000 0.4235970000 0.3855220000 0.3612170000 0.0832184125 0.4172607505 0.4286668342 0.4395103229 0.4605470650 0.7913381847 0.6337745119 0.5432910000 0.4784360000 0.4235970000 0.3855220000 0.3212139934 0.1454253348 0.0936480000 0.4172607505 0.4395103229 0.4498570759 0.0991343096 0.1148707539 0.1219351550 0.7579010000 0.6754580000 0.6132560000 0.5432910000 0.4784360000 0.4235970000 0.3855220000 0.3612170000 0.4800410000 0.3292610000 0.2473150000 0.1769590000 0.1271340000 0.0936480000 0.0676610000 0.4172607505 0.4286668342 0.4395103229 0.4498570759 0.4588657275 0.4622441003 0.0991343096 0.1148707539 0.1219351550 0.5823721096 0.3160973375 0.2146166552 0.2360238305 0.2573741698 0.2725730570 0.2674462359
0.3865040000 0.3061220000 0.2409100000 0.1946470000 0.1640700000 0.1465600000 0.1276944265 0.1932914516 0.2051449368 0.2157519806 0.2347342637 0.6566949233 0.4137897745 0.3061220000 0.2409100000 0.1946470000 0.1640700000 0.3628197958 0.1955065739 0.1380440000 0.1932914516 0.2157519806 0.2252585427 0.1422812759 0.1594574506 0.1731300265 0.6006160000 0.4692210000 0.3865040000 0.3061220000 0.2409100000 0.1946470000 0.1640700000 0.1465600000 0.4756300000 0.3668880000 0.3063830000 0.2318850000 0.1744050000 0.1380440000 0.1115350000 0.1932914516 0.2051449368 0.2157519806 0.2252585427 0.2332654019 0.2351041769 0.1422812759 0.1594574506 0.1731300265 0.2788072704 0.0568814073 0.0196066133 0.0322208037 0.0454737165 0.0533436400 0.0482812215
0.9350020000 0.9291590000 0.9255300000 0.9193840000 0.9060910000 0.8947630000 0.7532631577 0.9122489431 0.9142249254 0.9153722280 0.9151369659 0.9566305069 0.9367384304 0.9291590000 0.9255300000 0.9193840000 0.9060910000 0.7832216656 0.8002121747 0.7742120000 0.9122489431 0.9153722280 0.9156920727 0.7580465929 0.7622418522 0.7538570339 0.9505270000 0.9402660000 0.9350020000 0.9291590000 0.9255300000 0.9193840000 0.9060910000 0.8947630000 0.8123910000 0.7665460000 0.7745590000 0.8008400000 0.7998480000 0.7742120000 0.7397750000 0.9122489431 0.9142249254 0.9153722280 0.9156920727 0.9153653562 0.9131675531 0.7580465929 0.7622418522 0.7538570339 0.9533913393 0.9368827471 0.8961495103 0.9000745408 0.9063435445 0.9116765445 0.9119853295
0.5083180000 0.4450840000 0.3940350000 0.3588830000 0.3359990000 0.3228200000 0.2380578568 0.3594202810 0.3683111151 0.3760338675 0.3896906800 0.7290945832 0.5304663946 0.4450840000 0.3940350000 0.3588830000 0.3359990000 0.4486496846 0.3011780227 0.2483240000 0.3594202810 0.3760338675 0.3827929701 0.2493135917 0.2665524853 0.2831255188 0.6838410000 0.5754610000 0.5083180000 0.4450840000 0.3940350000 0.3588830000 0.3359990000 0.3228200000 0.5489260000 0.4521850000 0.3989700000 0.3338800000 0.2822090000 0.2483240000 0.2230280000 0.3594202810 0.3683111151 0.3760338675 0.3827929701 0.3885803687 0.3897245892 0.2493135917 0.2665524853 0.2831255188 0.3442512599 0.0841609249 0.0344314416 0.0477775678 0.0652672933 0.0789953326 0.0774974703
0.7451340000 0.7147480000 0.6838580000 0.6553560000 0.6311170000 0.6143420000 0.1565085654 0.6497276485 0.6559996521 0.6610431281 0.6677122259 0.8513642042 0.7550432649 0.7147480000 0.6838580000 0.6553560000 0.6311170000 0.4008012523 0.2054261678 0.1557610000 0.6497276485 0.6610431281 0.6648742673 0.1778818656 0.1869691767 0.1914849976 0.8278060000 0.7751740000 0.7451340000 0.7147480000 0.6838580000 0.6553560000 0.6311170000 0.6143420000 0.5519590000 0.4151200000 0.3290950000 0.2442140000 0.1829270000 0.1557610000 0.1471360000 0.6497276485 0.6559996521 0.6610431281 0.6648742673 0.6674352386 0.6657033907 0.1778818656 0.1869691767 0.1914849976 0.6342537325 0.3767896590 0.2969227250 0.3209470115 0.3337543634 0.3407153207 0.3313647150
0.3785690000 0.2991630000 0.2347720000 0.1889910000 0.1582350000 0.1405560000 0.0740179497 0.1877172256 0.1994868566 0.2098019992 0.2274320793 0.6457114786 0.4051937170 0.2991630000 0.2347720000 0.1889910000 0.1582350000 0.2956501031 0.1301229043 0.0816830000 0.1877172256 0.2098019992 0.2187926774 0.0877623659 0.1032494424 0.1145454904 0.5888220000 0.4592820000 0.3785690000 0.2991630000 0.2347720000 0.1889910000 0.1582350000 0.1405560000 0.4140670000 0.2966210000 0.2367260000 0.1637470000 0.1106190000 0.0816830000 0.0609410000 0.1877172256 0.1994868566 0.2098019992 0.2187926774 0.2261401717 0.2270936019 0.0877623659 0.1032494424 0.1145454904 0.2788505370 0.0570957137 0.0197775926 0.0326929796 0.0456938420 0.0529801841 0.0472997963
0.4517670000 0.3796140000 0.3211940000 0.2797680000 0.2525110000 0.2366540000 0.2618985701 0.2765652644 0.2874915644 0.2979000357 0.3188357609 0.6982058735 0.4765932712 0.3796140000 0.3211940000 0.2797680000 0.2525110000 0.4722676213 0.3279534068 0.2731780000 0.2765652644 0.2979000357 0.3079528546 0.2734010458 0.2906391161 0.3072702406 0.6476340000 0.5270280000 0.4517670000 0.3796140000 0.3211940000 0.2797680000 0.2525110000 0.2366540000 0.5655370000 0.4761420000 0.4253230000 0.3607750000 0.3089150000 0.2731780000 0.2459620000 0.2765652644 0.2874915644 0.2979000357 0.3079528546 0.3170244886 0.3214642267 0.2734010458 0.2906391161 0.3072702406 0.3086730894 0.0700604404 0.0269243754 0.0394216424 0.0549811203 0.0664718212 0.0641950794
0.1009790000 0.0463230000 0.0188050000 0.0135760000 0.0048830000 0.0029040000 0.0050165312 0.0158884205 0.0219970262 0.0256450948 0.0264042980 0.3133582776 0.1103363941 0.0463230000 0.0188050000 0.0135760000 0.0048830000 0.1053642857 0.0150965808 0.0094360000 0.0158884205 0.0256450948 0.0269783804 0.0139081676 0.0169679287 0.0119205952 0.2206660000 0.1293460000 0.1009790000 0.0463230000 0.0188050000 0.0135760000 0.0048830000 0.0029040000 0.1326540000 0.0836010000 0.0778340000 0.0262120000 0.0086490000 0.0094360000 0.0014190000 0.0158884205 0.0219970262 0.0256450948 0.0269783804 0.0267761179 0.0227344878 0.0139081676 0.0169679287 0.0119205952 0.1141424094 0.0184262644 0.0057857482 0.0151003163 0.0190232939 0.0164755157 0.0092818062
0.0778120000 0.0257510000 0.0084830000 0.0094210000 0.0013410000 0.0004930000 0.0041945114 0.0108554427 0.0153362863 0.0171599678 0.0135194106 0.2294515991 0.0796866456 0.0257510000 0.0084830000 0.0094210000 0.0013410000 0.0948231795 0.0096131852 0.0089390000 0.0108554427 0.0171599678 0.0164683833 0.0122482971 0.0141895533 0.0084974918 0.1316110000 0.0834950000 0.0778120000 0.0257510000 0.0084830000 0.0094210000 0.0013410000 0.0004930000 0.0925400000 0.0758100000 0.0740470000 0.0147130000 0.0066550000 0.0089390000 0.0005180000 0.0108554427 0.0153362863 0.0171599678 0.0164683833 0.0143035163 0.0092092402 0.0122482971 0.0141895533 0.0084974918 0.0823316395 0.0109474671 0.0041837428 0.0126012015 0.0146330960 0.0105034726 0.0036811642
0.4627690000 0.3921450000 0.3348890000 0.2943460000 0.2676530000 0.2520990000 0.2581626981 0.2917990655 0.3023763587 0.3122999366 0.3318722744 0.7044097849 0.4871268572 0.3921450000 0.3348890000 0.2943460000 0.2676530000 0.4672711471 0.3230234742 0.2691370000 0.2917990655 0.3122999366 0.3217409093 0.2696935730 0.2866593687 0.3028809919 0.6549010000 0.5366100000 0.4627690000 0.3921450000 0.3348890000 0.2943460000 0.2676530000 0.2520990000 0.5616860000 0.4709360000 0.4199140000 0.3556090000 0.3041220000 0.2691370000 0.2425640000 0.2917990655 0.3023763587 0.3122999366 0.3217409093 0.3301945728 0.3339825952 0.2696935730 0.2866593687 0.3028809919 0.3150756434 0.0722899749 0.0280388588 0.0406854861 0.0565953418 0.0684894405 0.0663388325
0.7279730000 0.6754450000 0.6277820000 0.5855440000 0.5514440000 0.5272830000 0.2330605282 0.5736014791 0.5832186240 0.5929430001 0.6134173948 0.8538446655 0.7428533908 0.6754450000 0.6277820000 0.5855440000 0.5514440000 0.4777299573 0.3250205138 0.2479500000 0.5736014791 0.5929430001 0.6027907604 0.2487686248 0.2685742862 0.2815534260 0.8303360000 0.7730830000 0.7279730000 0.6754450000 0.6277820000 0.5855440000 0.5514440000 0.5272830000 0.6053670000 0.4835710000 0.4191480000 0.3618350000 0.3036660000 0.2479500000 0.2094760000 0.5736014791 0.5832186240 0.5929430001 0.6027907604 0.6116914445 0.6168030724 0.2487686248 0.2685742862 0.2815534260 0.7283142104 0.5404067187 0.4332102574 0.4459575767 0.4709462365 0.4933068625 0.4975136422
0.5048470000 0.4408890000 0.3890630000 0.3530840000 0.3294970000 0.3158000000 0.2274750138 0.3534230433 0.3624709922 0.3703261664 0.3841711357 0.7272021847 0.5271966147 0.4408890000 0.3890630000 0.3530840000 0.3294970000 0.4415942589 0.2919101823 0.2379870000 0.3534230433 0.3703261664 0.3771920413 0.2389874646 0.2564883524 0.2731816935 0.6816750000 0.5726000000 0.5048470000 0.4408890000 0.3890630000 0.3530840000 0.3294970000 0.3158000000 0.5432420000 0.4452220000 0.3912340000 0.3251710000 0.2726170000 0.2379870000 0.2121230000 0.3534230433 0.3624709922 0.3703261664 0.3771920413 0.3830532328 0.3841580111 0.2389874646 0.2564883524 0.2731816935 0.3420661183 0.0830291203 0.0337762726 0.0471626019 0.0644513826 0.0778601401 0.0760951911
0.0842280000 0.0339800000 0.0115150000 0.0103490000 0.0023940000 0.0010860000 0.0046773350 0.0122171995 0.0174053348 0.0199277251 0.0178102820 0.2657893910 0.0888920179 0.0339800000 0.0115150000 0.0103490000 0.0023940000 0.1007126079 0.0122310484 0.0092890000 0.0122171995 0.0199277251 0.0199467798 0.0131079277 0.0156234593 0.0103786499 0.1700260000 0.0983670000 0.0842280000 0.0339800000 0.0115150000 0.0103490000 0.0023940000 0.0010860000 0.1119750000 0.0810130000 0.0764770000 0.0198390000 0.0078180000 0.0092890000 0.0009500000 0.0122171995 0.0174053348 0.0199277251 0.0199467798 0.0184634617 0.0136108246 0.0131079277 0.0156234593 0.0103786499 0.0905658556 0.0136900189 0.0045215054 0.0133844091 0.0159458634 0.0121310830 0.0050788895
0.1432440000 0.0803460000 0.0406030000 0.0258780000 0.0141210000 0.0100200000 0.0087083895 0.0284467162 0.0364738333 0.0424439168 0.0492012383 0.4014416962 0.1600310337 0.0803460000 0.0406030000 0.0258780000 0.0141210000 0.1295034319 0.0242264330 0.0130880000 0.0284467162 0.0424439168 0.0464918457 0.0183786854 0.0233141360 0.0206558149 0.3159200000 0.1941340000 0.1432440000 0.0803460000 0.0406030000 0.0258780000 0.0141210000 0.0100200000 0.1807970000 0.1118540000 0.0935040000 0.0385930000 0.0158930000 0.0130880000 0.0041560000 0.0284467162 0.0364738333 0.0424439168 0.0464918457 0.0489820729 0.0468219099 0.0183786854 0.0233141360 0.0206558149 0.1256992329 0.0219369527 0.0062458364 0.0160286374 0.0207327242 0.0186951097 0.0111839374
0.5635980000 0.5085440000 0.4637050000 0.4331070000 0.4126490000 0.4003750000 0.1600524249 0.4363892476 0.4436152878 0.4489521350 0.4554680028 0.7583177799 0.5831005153 0.5085440000 0.4637050000 0.4331070000 0.4126490000 0.4033455491 0.2327637297 0.1710000000 0.4363892476 0.4489521350 0.4526067298 0.1721657952 0.1929730930 0.2135967553 0.7183990000 0.6227200000 0.5635980000 0.5085440000 0.4637050000 0.4331070000 0.4126490000 0.4003750000 0.5221180000 0.4095090000 0.3453990000 0.2706440000 0.2107910000 0.1710000000 0.1428180000 0.4363892476 0.4436152878 0.4489521350 0.4526067298 0.4551089958 0.4524953975 0.1721657952 0.1929730930 0.2135967553 0.3966682693 0.1114002170 0.0504665273 0.0657040464 0.0854539939 0.1013732485 0.1000333822
0.4435610000 0.3702680000 0.3109820000 0.2689030000 0.2412240000 0.2251320000 0.2643631616 0.2652625463 0.2764366451 0.2871814617 0.3090445129 0.6935592218 0.4687359427 0.3702680000 0.3109820000 0.2689030000 0.2412240000 0.4761756060 0.3314841501 0.2758910000 0.2652625463 0.2871814617 0.2976529750 0.2758728915 0.2933553745 0.3103339910 0.6421990000 0.5198790000 0.4435610000 0.3702680000 0.3109820000 0.2689030000 0.2412240000 0.2251320000 0.5688060000 0.4802900000 0.4294410000 0.3645570000 0.3123000000 0.2758910000 0.2481350000 0.2652625463 0.2764366451 0.2871814617 0.2976529750 0.3071438302 0.3120111510 0.2758728915 0.2933553745 0.3103339910 0.3043632220 0.0685898482 0.0261771689 0.0385759208 0.0539037127 0.0651284066 0.0627711136
0.0926370000 0.0407840000 0.0151400000 0.0118440000 0.0036130000 0.0019390000 0.0050560045 0.0139333158 0.0196518503 0.0228250058 0.0224459818 0.2939669014 0.0999561335 0.0407840000 0.0151400000 0.0118440000 0.0036130000 0.1043417519 0.0137133923 0.0096110000 0.0139333158 0.0228250058 0.0236172446 0.0136544312 0.0165084116 0.0116231829 0.1997580000 0.1148250000 0.0926370000 0.0407840000 0.0151400000 0.0118440000 0.0036130000 0.0019390000 0.1219090000 0.0846810000 0.0783480000 0.0224270000 0.0086590000 0.0096110000 0.0012590000 0.0139333158 0.0196518503 0.0228250058 0.0236172446 0.0229205999 0.0186148416 0.0136544312 0.0165084116 0.0116231829 0.0958870751 0.0151342342 0.0047687386 0.0138015471 0.0167101379 0.0131706223 0.0060271984
0.3987710000 0.3196160000 0.2553320000 0.2095820000 0.1793220000 0.1618720000 0.1564591542 0.2076051395 0.2193700079 0.2300823862 0.2499117730 0.6650453734 0.4256827030 0.3196160000 0.2553320000 0.2095820000 0.1793220000 0.3914708721 0.2267982754 0.1676080000 0.2076051395 0.2300823862 0.2398927712 0.1707320086 0.1884032054 0.2032468650 0.6099800000 0.4803540000 0.3987710000 0.3196160000 0.2553320000 0.2095820000 0.1793220000 0.1618720000 0.5005570000 0.3961380000 0.3368020000 0.2633210000 0.2056130000 0.1676080000 0.1396100000 0.2076051395 0.2193700079 0.2300823862 0.2398927712 0.2483248632 0.2509144986 0.1707320086 0.1884032054 0.2032468650 0.2852505640 0.0596646202 0.0210847931 0.0336631801 0.0474372707 0.0561526483 0.0517551342
0.1983000000 0.1263490000 0.0755550000 0.0499560000 0.0331410000 0.0257410000 0.0238849008 0.0517306946 0.0616021619 0.0698596860 0.0826318385 0.4845630555 0.2211361715 0.1263490000 0.0755550000 0.0499560000 0.0331410000 0.1931680603 0.0553135383 0.0288550000 0.0517306946 0.0698596860 0.0766205572 0.0356044204 0.0451646952 0.0484428473 0.4068400000 0.2675280000 0.1983000000 0.1263490000 0.0755550000 0.0499560000 0.0331410000 0.0257410000 0.2830600000 0.1850820000 0.1434680000 0.0785070000 0.0418600000 0.0288550000 0.0162660000 0.0517306946 0.0616021619 0.0698596860 0.0766205572 0.0818129914 0.0817047999 0.0356044204 0.0451646952 0.0484428473 0.1636338037 0.0294113146 0.0084081242 0.0188769427 0.0257468339 0.0259427221 0.0185398173
0.4861260000 0.4187470000 0.3638520000 0.3250620000 0.2994100000 0.2843670000 0.2296176226 0.3243178659 0.3340808161 0.3427744680 0.3586678050 0.7172930011 0.5094807256 0.4187470000 0.3638520000 0.3250620000 0.2994100000 0.4442147009 0.2947419966 0.2403460000 0.3243178659 0.3427744680 0.3505926688 0.2415356866 0.2587589641 0.2748824755 0.6701020000 0.5569260000 0.4861260000 0.4187470000 0.3638520000 0.3250620000 0.2994100000 0.2843670000 0.5446500000 0.4479260000 0.3942750000 0.3281180000 0.2753820000 0.2403460000 0.2140630000 0.3243178659 0.3340808161 0.3427744680 0.3505926688 0.3573639898 0.3592291759 0.2415356866 0.2587589641 0.2748824755 0.3305157416 0.0777619117 0.0307562445 0.0439156086 0.0605513040 0.0731509037 0.0709996782
0.8689470000 0.8555930000 0.8408350000 0.8355280000 0.8372960000 0.8390750000 0.4489877967 0.8461004521 0.8461551246 0.8447433642 0.8382054260 0.9151339866 0.8723380534 0.8555930000 0.8408350000 0.8355280000 0.8372960000 0.5382591844 0.4550250895 0.4587660000 0.8461004521 0.8447433642 0.8420072097 0.4645894812 0.4592342641 0.4376617328 0.9024760000 0.8792270000 0.8689470000 0.8555930000 0.8408350000 0.8355280000 0.8372960000 0.8390750000 0.6553710000 0.5417640000 0.4860140000 0.4581870000 0.4531910000 0.4587660000 0.4473690000 0.8461004521 0.8461551246 0.8447433642 0.8420072097 0.8389211949 0.8338046268 0.4645894812 0.4592342641 0.4376617328 0.8471294141 0.8114918918 0.8323074268 0.8428653652 0.8310314495 0.8096592176 0.7859904042
0.4160500000 0.3400120000 0.2777630000 0.2327590000 0.2021700000 0.1841110000 0.1000940667 0.2309494285 0.2422976311 0.2523078874 0.2697895812 0.6705167782 0.4416339803 0.3400120000 0.2777630000 0.2327590000 0.2021700000 0.3293320419 0.1619224636 0.1089480000 0.2309494285 0.2523078874 0.2611291118 0.1135859803 0.1306198751 0.1445661361 0.6170970000 0.4936080000 0.4160500000 0.3400120000 0.2777630000 0.2327590000 0.2021700000 0.1841110000 0.4476760000 0.3319930000 0.2707270000 0.1970060000 0.1415720000 0.1089480000 0.0855720000 0.2309494285 0.2422976311 0.2523078874 0.2611291118 0.2684653411 0.2697705358 0.1135859803 0.1306198751 0.1445661361 0.3024143521 0.0657944174 0.0241031562 0.0373697911 0.0518616954 0.0611902595 0.0566609259
0.6197800000 0.5625820000 0.5086730000 0.4609750000 0.4243150000 0.4000350000 0.0791749371 0.4534597767 0.4637964430 0.4729171230 0.4881404667 0.7896316990 0.6378423072 0.5625820000 0.5086730000 0.4609750000 0.4243150000 0.3290931725 0.1322701539 0.0818300000 0.4534597767 0.4729171230 0.4808513819 0.0977005667 0.1108118138 0.1193376584 0.7558560000 0.6745360000 0.6197800000 0.5625820000 0.5086730000 0.4609750000 0.4243150000 0.4000350000 0.4844480000 0.3403950000 0.2552190000 0.1703270000 0.1101950000 0.0818300000 0.0682830000 0.4534597767 0.4637964430 0.4729171230 0.4808513819 0.4871254642 0.4874007293 0.0977005667 0.1108118138 0.1193376584 0.5224760789 0.2289304784 0.1423231332 0.1642778063 0.1836328307 0.1972609122 0.1915286184
0.0750200000 0.0194040000 0.0069810000 0.0090460000 0.0007420000 0.0002350000 0.0039631290 0.0101520874 0.0141203278 0.0155207017 0.0110898670 0.2052023755 0.0755665929 0.0194040000 0.0069810000 0.0090460000 0.0007420000 0.0915649492 0.0076847443 0.0087640000 0.0101520874 0.0155207017 0.0144569447 0.0116817058 0.0132821366 0.0074120095 0.1057270000 0.0766770000 0.0750200000 0.0194040000 0.0069810000 0.0090460000 0.0007420000 0.0002350000 0.0794570000 0.0738510000 0.0728810000 0.0104030000 0.0061080000 0.0087640000 0.0002950000 0.0101520874 0.0141203278 0.0155207017 0.0144569447 0.0119277494 0.0068107955 0.0116817058 0.0132821366 0.0074120095 0.0757413116 0.0083792884 0.0039409423 0.0118773351 0.0134860022 0.0091455718 0.0025429209
0.3664370000 0.2866430000 0.2225680000 0.1777470000 0.1478960000 0.1309630000 0.0809201232 0.1764683556 0.1882482886 0.1986832694 0.2169022830 0.6371787029 0.3931986126 0.2866430000 0.2225680000 0.1777470000 0.1478960000 0.3043874634 0.1387831064 0.0890570000 0.1764683556 0.1986832694 0.2079037631 0.0946801935 0.1105060765 0.1223129246 0.5789420000 0.4475650000 0.3664370000 0.2866430000 0.2225680000 0.1777470000 0.1478960000 0.1309630000 0.4215570000 0.3057300000 0.2459400000 0.1727420000 0.1190850000 0.0890570000 0.0673580000 0.1764683556 0.1882482886 0.1986832694 0.2079037631 0.2155369124 0.2169490676 0.0946801935 0.1105060765 0.1223129246 0.2735861806 0.0556829304 0.0191828294 0.0318477901 0.0446756329 0.0518978363 0.0464253741
0.0826380000 0.0317920000 0.0107490000 0.0101240000 0.0021210000 0.0009390000 0.0044838318 0.0118608503 0.0168602080 0.0192081184 0.0167495291 0.2563637280 0.0866135812 0.0317920000 0.0107490000 0.0101240000 0.0021210000 0.0987158097 0.0117151861 0.0091520000 0.0118608503 0.0192081184 0.0190619335 0.0128886945 0.0152265054 0.0097844971 0.1599700000 0.0946900000 0.0826380000 0.0317920000 0.0107490000 0.0101240000 0.0021210000 0.0009390000 0.1073330000 0.0784700000 0.0755700000 0.0192820000 0.0073260000 0.0091520000 0.0008060000 0.0118608503 0.0168602080 0.0192081184 0.0190619335 0.0174287073 0.0125511059 0.0128886945 0.0152265054 0.0097844971 0.0899120673 0.0133120966 0.0045093295 0.0132777520 0.0158004050 0.0119920390 0.0049786522
0.6462970000 0.5973640000 0.5518580000 0.5124390000 0.4812800000 0.4599800000 0.0834134123 0.5061149091 0.5149910349 0.5225564791 0.5342778655 0.8021429046 0.6622643092 0.5973640000 0.5518580000 0.5124390000 0.4812800000 0.3416998944 0.1419305608 0.0862270000 0.5061149091 0.5225564791 0.5288395616 0.1016834061 0.1163938438 0.1280293997 0.7702790000 0.6947020000 0.6462970000 0.5973640000 0.5518580000 0.5124390000 0.4812800000 0.4599800000 0.4943230000 0.3534600000 0.2688590000 0.1821310000 0.1186120000 0.0862270000 0.0708540000 0.5061149091 0.5149910349 0.5225564791 0.5288395616 0.5335706627 0.5328439070 0.1016834061 0.1163938438 0.1280293997 0.5228671130 0.2250979674 0.1385768675 0.1597813395 0.1800867936 0.1952155617 0.1908433909
0.3745900000 0.2956280000 0.2323820000 0.1883120000 0.1591930000 0.1426150000 0.1316723272 0.1853832128 0.1972925828 0.2084120848 0.2297996768 0.6449880004 0.4012391273 0.2956280000 0.2323820000 0.1883120000 0.1591930000 0.3620824623 0.1981699982 0.1420300000 0.1853832128 0.2084120848 0.2188779346 0.1450515295 0.1627270386 0.1779542851 0.5870770000 0.4553770000 0.3745900000 0.2956280000 0.2323820000 0.1883120000 0.1591930000 0.1426150000 0.4707980000 0.3653230000 0.3071650000 0.2336820000 0.1775710000 0.1420300000 0.1157500000 0.1853832128 0.1972925828 0.2084120848 0.2188779346 0.2280420222 0.2317522527 0.1450515295 0.1627270386 0.1779542851 0.2674046846 0.0543984486 0.0186793988 0.0308256902 0.0436529042 0.0513033109 0.0466668206
0.4993790000 0.4340980000 0.3809270000 0.3435970000 0.3189330000 0.3044750000 0.2196506754 0.3437933817 0.3530656417 0.3610914114 0.3751180471 0.7243928965 0.5220947693 0.4340980000 0.3809270000 0.3435970000 0.3189330000 0.4367790524 0.2849548831 0.2302500000 0.3437933817 0.3610914114 0.3680738315 0.2315445866 0.2490832978 0.2655680876 0.6784620000 0.5682420000 0.4993790000 0.4340980000 0.3809270000 0.3435970000 0.3189330000 0.3044750000 0.5399140000 0.4406590000 0.3857030000 0.3186910000 0.2653860000 0.2302500000 0.2041000000 0.3437933817 0.3530656417 0.3610914114 0.3680738315 0.3739985079 0.3749730270 0.2315445866 0.2490832978 0.2655680876 0.3405869149 0.0820506100 0.0330842556 0.0465143733 0.0636774652 0.0768709708 0.0749057100
0.8838010000 0.8668460000 0.8513490000 0.8423850000 0.8304900000 0.8165890000 0.5799693710 0.8391967386 0.8417845065 0.8431472666 0.8424766274 0.9290001268 0.8882040915 0.8668460000 0.8513490000 0.8423850000 0.8304900000 0.6375405852 0.6030785825 0.5908280000 0.8391967386 0.8431472666 0.8433367553 0.5934552787 0.5889852044 0.5673748337 0.9184370000 0.8971490000 0.8838010000 0.8668460000 0.8513490000 0.8423850000 0.8304900000 0.8165890000 0.7195240000 0.6318790000 0.6032440000 0.6034330000 0.6028730000 0.5908280000 0.5721900000 0.8391967386 0.8417845065 0.8431472666 0.8433367553 0.8427614898 0.8394996493 0.5934552787 0.5889852044 0.5673748337 0.8969291380 0.8693737645 0.8196320445 0.8223535345 0.8325650253 0.8375050070 0.8327600951
0.1633200000 0.0964580000 0.0513660000 0.0321580000 0.0189730000 0.0138590000 0.0187701378 0.0351450425 0.0440564626 0.0509971673 0.0599522687 0.4455422172 0.1840100437 0.0964580000 0.0513660000 0.0321580000 0.0189730000 0.1822689145 0.0476326986 0.0233400000 0.0351450425 0.0509971673 0.0560879468 0.0304415522 0.0392647479 0.0411699407 0.3635930000 0.2260420000 0.1633200000 0.0964580000 0.0513660000 0.0321580000 0.0189730000 0.0138590000 0.2726140000 0.1727700000 0.1327660000 0.0700110000 0.0346520000 0.0233400000 0.0118320000 0.0351450425 0.0440564626 0.0509971673 0.0560879468 0.0595359551 0.0577851230 0.0304415522 0.0392647479 0.0411699407 0.1550047735 0.0276378935 0.0078409421 0.0181611648 0.0245335661 0.0241460224 0.0166013001
0.8121870000 0.7789810000 0.7476340000 0.7230160000 0.7016410000 0.6829770000 0.4079508826 0.7163431782 0.7221533691 0.7273673398 0.7365085110 0.8937994034 0.8212099069 0.7789810000 0.7476340000 0.7230160000 0.7016410000 0.5541430671 0.4634581015 0.4226660000 0.7163431782 0.7273673398 0.7320240989 0.4225049500 0.4293511410 0.4235667552 0.8772290000 0.8395400000 0.8121870000 0.7789810000 0.7476340000 0.7230160000 0.7016410000 0.6829770000 0.6620090000 0.5548710000 0.5064080000 0.4791550000 0.4543530000 0.4226660000 0.3918070000 0.7163431782 0.7221533691 0.7273673398 0.7320240989 0.7358524515 0.7365484101 0.4225049500 0.4293511410 0.4235667552 0.8201835552 0.7221141230 0.6490046397 0.6560267497 0.6724596914 0.6841527959 0.6823187551
0.6151980000 0.5714150000 0.5375680000 0.5178570000 0.5057490000 0.4991600000 0.1599416320 0.5237663104 0.5288634819 0.5320120683 0.5336990382 0.7838582677 0.6314232668 0.5714150000 0.5375680000 0.5178570000 0.5057490000 0.4131415496 0.2375275275 0.1715320000 0.5237663104 0.5320120683 0.5333963662 0.1714726741 0.1942925172 0.2184162974 0.7482280000 0.6643850000 0.6151980000 0.5714150000 0.5375680000 0.5178570000 0.5057490000 0.4991600000 0.5346860000 0.4205500000 0.3540730000 0.2771590000 0.2145390000 0.1715320000 0.1414530000 0.5237663104 0.5288634819 0.5320120683 0.5333963662 0.5337685186 0.5298013188 0.1714726741 0.1942925172 0.2184162974 0.4366641931 0.1397522227 0.0702398538 0.0861463050 0.1078258424 0.1262158810 0.1263343392
0.5300470000 0.4690980000 0.4188080000 0.3829520000 0.3584340000 0.3434440000 0.1493903108 0.3841253671 0.3926539722 0.3994759157 0.4095637993 0.7400501007 0.5512717614 0.4690980000 0.4188080000 0.3829520000 0.3584340000 0.3879388310 0.2191898251 0.1598220000 0.3841253671 0.3994759157 0.4047902086 0.1619043418 0.1815638350 0.2002507406 0.6971590000 0.5943900000 0.5300470000 0.4690980000 0.4188080000 0.3829520000 0.3584340000 0.3434440000 0.5058520000 0.3931210000 0.3302110000 0.2562100000 0.1977160000 0.1598220000 0.1328740000 0.3841253671 0.3926539722 0.3994759157 0.4047902086 0.4088799060 0.4076036307 0.1619043418 0.1815638350 0.2002507406 0.3701284121 0.0961104793 0.0409450695 0.0556455086 0.0739554244 0.0880700427 0.0857935836
0.2314630000 0.1554670000 0.1001850000 0.0688390000 0.0484080000 0.0387970000 0.0185365005 0.0702934738 0.0808396010 0.0897382239 0.1035797929 0.5146481741 0.2555556425 0.1554670000 0.1001850000 0.0688390000 0.0484080000 0.1752620776 0.0453448012 0.0229780000 0.0702934738 0.0897382239 0.0970809825 0.0298850036 0.0381506559 0.0394439586 0.4413110000 0.3045000000 0.2314630000 0.1554670000 0.1001850000 0.0688390000 0.0484080000 0.0387970000 0.2666550000 0.1637940000 0.1261760000 0.0670630000 0.0327470000 0.0229780000 0.0122450000 0.0702934738 0.0808396010 0.0897382239 0.0970809825 0.1026975995 0.1024978515 0.0298850036 0.0381506559 0.0394439586 0.1878406773 0.0338681106 0.0101677922 0.0211583635 0.0291771947 0.0305331482 0.0231031462
0.8279240000 0.8081210000 0.7848610000 0.7661140000 0.7563410000 0.7536700000 0.3169798564 0.7723787948 0.7746612046 0.7756470988 0.7746184018 0.8936583172 0.8334275345 0.8081210000 0.7848610000 0.7661140000 0.7563410000 0.4717631886 0.3351267215 0.3243530000 0.7723787948 0.7756470988 0.7754909688 0.3351900248 0.3353367180 0.3224806614 0.8773860000 0.8446080000 0.8279240000 0.8081210000 0.7848610000 0.7661140000 0.7563410000 0.7536700000 0.6099940000 0.4817860000 0.4080890000 0.3525590000 0.3250150000 0.3243530000 0.3167890000 0.7723787948 0.7746612046 0.7756470988 0.7754909688 0.7748533505 0.7714964042 0.3351900248 0.3353367180 0.3224806614 0.7756089534 0.6552350497 0.6474675832 0.6691412934 0.6585474326 0.6390917092 0.6145810783
0.7241590000 0.6959840000 0.6711820000 0.6524290000 0.6359950000 0.6237060000 0.1288316799 0.6498345712 0.6549619105 0.6586312030 0.6617262164 0.8387896775 0.7344251832 0.6959840000 0.6711820000 0.6524290000 0.6359950000 0.4000028785 0.1983101272 0.1321530000 0.6498345712 0.6586312030 0.6608478517 0.1475605933 0.1640499691 0.1800521006 0.8129470000 0.7552810000 0.7241590000 0.6959840000 0.6711820000 0.6524290000 0.6359950000 0.6237060000 0.5452470000 0.4135010000 0.3304730000 0.2422560000 0.1728190000 0.1321530000 0.1128780000 0.6498345712 0.6549619105 0.6586312030 0.6608478517 0.6617820258 0.6586657556 0.1475605933 0.1640499691 0.1800521006 0.5796360866 0.2927409596 0.2061409415 0.2271985498 0.2466046240 0.2616780916 0.2582576161
0.4946880000 0.4279230000 0.3729200000 0.3334640000 0.3068800000 0.2909580000 0.1817498356 0.3335928687 0.3431321923 0.3512226650 0.3647445250 0.7216674324 0.5177616772 0.4279230000 0.3729200000 0.3334640000 0.3068800000 0.4092989705 0.2494032318 0.1924430000 0.3335928687 0.3512226650 0.3580662417 0.1943801505 0.2125638661 0.2292315127 0.6755250000 0.5646360000 0.4946880000 0.4279230000 0.3729200000 0.3334640000 0.3068800000 0.2909580000 0.5189710000 0.4136210000 0.3551650000 0.2847260000 0.2289140000 0.1924430000 0.1656810000 0.3335928687 0.3431321923 0.3512226650 0.3580662417 0.3637155442 0.3639753782 0.1943801505 0.2125638661 0.2292315127 0.3410112986 0.0813885967 0.0323988056 0.0461645546 0.0631085030 0.0757603710 0.0731094465
0.3643770000 0.2859840000 0.2223010000 0.1765150000 0.1451610000 0.1272260000 0.0327367000 0.1734842656 0.1855264463 0.1963385008 0.2153701624 0.6258363977 0.3896815812 0.2859840000 0.2223010000 0.1765150000 0.1451610000 0.2173644525 0.0679198341 0.0372080000 0.1734842656 0.1963385008 0.2060021483 0.0452198839 0.0560093030 0.0610643316 0.5670300000 0.4410880000 0.3643770000 0.2859840000 0.2223010000 0.1765150000 0.1451610000 0.1272260000 0.3319500000 0.2121480000 0.1597870000 0.0943790000 0.0525720000 0.0372080000 0.0249760000 0.1734842656 0.1855264463 0.1963385008 0.2060021483 0.2139680665 0.2157259593 0.0452198839 0.0560093030 0.0610643316 0.2674454794 0.0552659335 0.0192696030 0.0321892146 0.0443938059 0.0505752995 0.0443545322
0.0808470000 0.0289580000 0.0099120000 0.0098540000 0.0018170000 0.0007740000 0.0042021621 0.0114679041 0.0162452304 0.0183851177 0.0154580086 0.2454404603 0.0841252382 0.0289580000 0.0099120000 0.0098540000 0.0018170000 0.0951273286 0.0100003368 0.0089450000 0.0114679041 0.0183851177 0.0180291973 0.0123529093 0.0143287055 0.0086105268 0.1484070000 0.0907850000 0.0808470000 0.0289580000 0.0099120000 0.0098540000 0.0018170000 0.0007740000 0.0947750000 0.0755730000 0.0741960000 0.0157900000 0.0066420000 0.0089450000 0.0005580000 0.0114679041 0.0162452304 0.0183851177 0.0180291973 0.0161780652 0.0112126867 0.0123529093 0.0143287055 0.0086105268 0.0861913443 0.0119825665 0.0043611373 0.0129073432 0.0151851463 0.0112255885 0.0043156398
0.5238560000 0.4632470000 0.4144440000 0.3812930000 0.3598240000 0.3475280000 0.2254169641 0.3829636218 0.3912492150 0.3981758533 0.4096567636 0.7373132886 0.5452153479 0.4632470000 0.4144440000 0.3812930000 0.3598240000 0.4405724517 0.2896795797 0.2357380000 0.3829636218 0.3981758533 0.4039568658 0.2366515805 0.2545118689 0.2718433960 0.6935080000 0.5886070000 0.5238560000 0.4632470000 0.4144440000 0.3812930000 0.3598240000 0.3475280000 0.5440360000 0.4444300000 0.3895180000 0.3230790000 0.2703060000 0.2357380000 0.2101490000 0.3829636218 0.3912492150 0.3981758533 0.4039568658 0.4087596966 0.4088974909 0.2366515805 0.2545118689 0.2718433960 0.3559370894 0.0895247932 0.0374410765 0.0511162479 0.0692010330 0.0835861727 0.0822806833
0.1163440000 0.0596520000 0.0262640000 0.0173450000 0.0078020000 0.0050380000 0.0070850663 0.0198387056 0.0268097748 0.0314917271 0.0349956848 0.3546874366 0.1291165279 0.0596520000 0.0262640000 0.0173450000 0.0078020000 0.1199628685 0.0196602452 0.0114890000 0.0198387056 0.0314917271 0.0340426495 0.0162573782 0.0204258123 0.0170217758 0.2648610000 0.1550640000 0.1163440000 0.0596520000 0.0262640000 0.0173450000 0.0078020000 0.0050380000 0.1577550000 0.1021500000 0.0875070000 0.0312940000 0.0129120000 0.0114890000 0.0028040000 0.0198387056 0.0268097748 0.0314917271 0.0340426495 0.0350885445 0.0319557491 0.0162573782 0.0204258123 0.0170217758 0.1099927605 0.0187900918 0.0054299984 0.0149180494 0.0187084082 0.0158533282 0.0084851662
0.3756860000 0.2961910000 0.2321440000 0.1872030000 0.1573780000 0.1403650000 0.1038775317 0.1855925512 0.1973808816 0.2079581670 0.2269363019 0.6458081431 0.4025323890 0.2961910000 0.2321440000 0.1872030000 0.1573780000 0.3330070391 0.1669374673 0.1131990000 0.1855925512 0.2079581670 0.2174626887 0.1178372928 0.1345458574 0.1477243491 0.5884210000 0.4570710000 0.3756860000 0.2961910000 0.2321440000 0.1872030000 0.1573780000 0.1403650000 0.4466820000 0.3355350000 0.2760170000 0.2021210000 0.1465290000 0.1131990000 0.0889270000 0.1855925512 0.1973808816 0.2079581670 0.2174626887 0.2254697003 0.2274385545 0.1178372928 0.1345458574 0.1477243491 0.2724115727 0.0554517944 0.0190955324 0.0316029838 0.0444759371 0.0518701299 0.0466394843
0.4071890000 0.3325380000 0.2715840000 0.2270660000 0.1959950000 0.1774170000 0.0561384426 0.2230862165 0.2346994071 0.2452633676 0.2644735255 0.6568290071 0.4316682490 0.3325380000 0.2715840000 0.2270660000 0.1959950000 0.2701026584 0.1058118614 0.0621940000 0.2230862165 0.2452633676 0.2548799184 0.0691079574 0.0838400918 0.0949230400 0.6020230000 0.4813980000 0.4071890000 0.3325380000 0.2715840000 0.2270660000 0.1959950000 0.1774170000 0.3915140000 0.2698260000 0.2098970000 0.1379050000 0.0871960000 0.0621940000 0.0447940000 0.2230862165 0.2346994071 0.2452633676 0.2548799184 0.2629948351 0.2653489158 0.0691079574 0.0838400918 0.0949230400 0.3025162895 0.0684679890 0.0259888969 0.0394110831 0.0538246707 0.0630283547 0.0584838264
0.2247490000 0.1487340000 0.0961640000 0.0667480000 0.0467770000 0.0376110000 0.0080441328 0.0669680595 0.0771642621 0.0860551759 0.1009157160 0.4894261851 0.2465434452 0.1487340000 0.0961640000 0.0667480000 0.0467770000 0.1234137801 0.0231838334 0.0121870000 0.0669680595 0.0860551759 0.0937297506 0.0175647286 0.0222483818 0.0187636638 0.4141980000 0.2908190000 0.2247490000 0.1487340000 0.0961640000 0.0667480000 0.0467770000 0.0376110000 0.1809570000 0.1024270000 0.0868570000 0.0381200000 0.0145200000 0.0121870000 0.0039570000 0.0669680595 0.0771642621 0.0860551759 0.0937297506 0.0998805420 0.1009180624 0.0175647286 0.0222483818 0.0187636638 0.1798051867 0.0331058268 0.0105023717 0.0213284977 0.0288916919 0.0300837098 0.0231566086
0.2641470000 0.1842980000 0.1242830000 0.0880480000 0.0651500000 0.0537100000 0.0547403991 0.0887857431 0.1001088768 0.1100828482 0.1271724269 0.5592015390 0.2910461680 0.1842980000 0.1242830000 0.0880480000 0.0651500000 0.2672016008 0.1056201970 0.0617500000 0.0887857431 0.1100828482 0.1188133175 0.0685209989 0.0825156335 0.0913908285 0.4899570000 0.3456920000 0.2641470000 0.1842980000 0.1242830000 0.0880480000 0.0651500000 0.0537100000 0.3765180000 0.2667630000 0.2107240000 0.1371950000 0.0873050000 0.0617500000 0.0427060000 0.0887857431 0.1001088768 0.1100828482 0.1188133175 0.1259309809 0.1271303895 0.0685209989 0.0825156335 0.0913908285 0.2067414915 0.0379988810 0.0114823901 0.0227170451 0.0319299496 0.0347758555 0.0278632682
0.4624510000 0.3915100000 0.3336850000 0.2924860000 0.2651810000 0.2491700000 0.2268438738 0.2905564214 0.3010801034 0.3107222075 0.3290524362 0.7039640699 0.4868761505 0.3915100000 0.3336850000 0.2924860000 0.2651810000 0.4441552333 0.2936880645 0.2379910000 0.2905564214 0.3107222075 0.3196610909 0.2390963671 0.2564498859 0.2725527622 0.6545760000 0.5364960000 0.4624510000 0.3915100000 0.3336850000 0.2924860000 0.2651810000 0.2491700000 0.5436490000 0.4480330000 0.3944270000 0.3275400000 0.2740520000 0.2379910000 0.2108110000 0.2905564214 0.3010801034 0.3107222075 0.3196610909 0.3275221603 0.3304022182 0.2390963671 0.2564498859 0.2725527622 0.3160496716 0.0720492904 0.0277499221 0.0406043985 0.0564153076 0.0680054020 0.0654209287
0.5761580000 0.5222590000 0.4776800000 0.4462410000 0.4243730000 0.4106470000 0.1283927670 0.4484663549 0.4558188112 0.4612361530 0.4675896628 0.7646904613 0.5951020471 0.5222590000 0.4776800000 0.4462410000 0.4243730000 0.3837700420 0.2034511179 0.1388850000 0.4484663549 0.4612361530 0.4648968413 0.1412944585 0.1628087416 0.1841715214 0.7260520000 0.6335870000 0.5761580000 0.5222590000 0.4776800000 0.4462410000 0.4243730000 0.4106470000 0.5104970000 0.3911590000 0.3222140000 0.2433060000 0.1803330000 0.1388850000 0.1106330000 0.4484663549 0.4558188112 0.4612361530 0.4648968413 0.4672865603 0.4643522420 0.1412944585 0.1628087416 0.1841715214 0.4162005069 0.1245695026 0.0590827585 0.0752146708 0.0955303307 0.1118513337 0.1102812209
0.8721720000 0.8590320000 0.8447890000 0.8402400000 0.8419650000 0.8428090000 0.4561670591 0.8500140460 0.8501257651 0.8487975362 0.8424537514 0.9171108252 0.8754792666 0.8590320000 0.8447890000 0.8402400000 0.8419650000 0.5448648537 0.4651514973 0.4666010000 0.8500140460 0.8487975362 0.8461618789 0.4717237327 0.4666381771 0.4452750902 0.9047700000 0.8821980000 0.8721720000 0.8590320000 0.8447890000 0.8402400000 0.8419650000 0.8428090000 0.6599300000 0.5477860000 0.4937120000 0.4680400000 0.4634760000 0.4666010000 0.4530990000 0.8500140460 0.8501257651 0.8487975362 0.8461618789 0.8431568696 0.8381480508 0.4717237327 0.4666381771 0.4452750902 0.8531004951 0.8213071443 0.8372276816 0.8465097793 0.8366993748 0.8175167640 0.7953763703
0.7102110000 0.6638800000 0.6160600000 0.5714710000 0.5384430000 0.5179020000 0.1362969611 0.5660895616 0.5745890323 0.5820534425 0.5946414438 0.8385908969 0.7239289324 0.6638800000 0.6160600000 0.5714710000 0.5384430000 0.3712671115 0.1837498880 0.1425280000 0.5660895616 0.5820534425 0.5885519909 0.1558919120 0.1659286001 0.1675953105 0.8129310000 0.7517970000 0.7102110000 0.6638800000 0.6160600000 0.5714710000 0.5384430000 0.5179020000 0.5304220000 0.3847870000 0.2965220000 0.2169240000 0.1645070000 0.1425280000 0.1279470000 0.5660895616 0.5745890323 0.5820534425 0.5885519909 0.5937847633 0.5939502055 0.1558919120 0.1659286001 0.1675953105 0.6372750507 0.3834880297 0.2956040497 0.3207622862 0.3341155166 0.3403875099 0.3291194154
0.2729210000 0.1945720000 0.1354740000 0.0984030000 0.0738800000 0.0613900000 0.0188722954 0.0979474796 0.1092160384 0.1191323001 0.1359245262 0.5495506697 0.2976357755 0.1945720000 0.1354740000 0.0984030000 0.0738800000 0.1782989240 0.0456676264 0.0230540000 0.0979474796 0.1191323001 0.1277769310 0.0302664060 0.0387533750 0.0404200464 0.4807460000 0.3478440000 0.2729210000 0.1945720000 0.1354740000 0.0984030000 0.0738800000 0.0613900000 0.2777170000 0.1674820000 0.1265530000 0.0678010000 0.0328290000 0.0230540000 0.0128070000 0.0979474796 0.1092160384 0.1191323001 0.1277769310 0.1347395712 0.1358400222 0.0302664060 0.0387533750 0.0404200464 0.2185523989 0.0413394418 0.0132771770 0.0249719287 0.0345896654 0.0378472105 0.0309385149
0.1246530000 0.0655510000 0.0304130000 0.0196900000 0.0094800000 0.0063640000 0.0066122770 0.0223819612 0.0296668778 0.0346886037 0.0388642950 0.3685009728 0.1387483026 0.0655510000 0.0304130000 0.0196900000 0.0094800000 0.1172413288 0.0192926637 0.0109880000 0.0223819612 0.0346886037 0.0375864974 0.0158962623 0.0198811812 0.0160067738 0.2801960000 0.1673830000 0.1246530000 0.0655510000 0.0304130000 0.0196900000 0.0094800000 0.0063640000 0.1576770000 0.0974870000 0.0851050000 0.0319960000 0.0119240000 0.0109880000 0.0025580000 0.0223819612 0.0296668778 0.0346886037 0.0375864974 0.0389091385 0.0358191396 0.0158962623 0.0198811812 0.0160067738 0.1184566552 0.0202701464 0.0058845289 0.0154950744 0.0197519355 0.0173062240 0.0098383314
0.4493390000 0.3763080000 0.3167710000 0.2742010000 0.2459930000 0.2294670000 0.2280459758 0.2717448844 0.2826727707 0.2928079118 0.3123726193 0.6968156711 0.4744034366 0.3763080000 0.3167710000 0.2742010000 0.2459930000 0.4475852480 0.2963517501 0.2395180000 0.2717448844 0.2928079118 0.3023196375 0.2405826889 0.2580365376 0.2741373662 0.6462270000 0.5253220000 0.4493390000 0.3763080000 0.3167710000 0.2742010000 0.2459930000 0.2294670000 0.5464070000 0.4517620000 0.3980400000 0.3306100000 0.2764800000 0.2395180000 0.2116190000 0.2717448844 0.2826727707 0.2928079118 0.3023196375 0.3107296764 0.3140843057 0.2405826889 0.2580365376 0.2741373662 0.3086630744 0.0691827274 0.0262201899 0.0389322011 0.0543186959 0.0653845187 0.0625628931
0.5219440000 0.4612660000 0.4125590000 0.3796260000 0.3584150000 0.3463600000 0.2343476163 0.3811113966 0.3894395012 0.3964900169 0.4084662842 0.7362031773 0.5433449114 0.4612660000 0.4125590000 0.3796260000 0.3584150000 0.4459982720 0.2974733571 0.2445180000 0.3811113966 0.3964900169 0.4024741652 0.2453682926 0.2629491062 0.2800845656 0.6921650000 0.5868210000 0.5219440000 0.4612660000 0.4125590000 0.3796260000 0.3584150000 0.3463600000 0.5476950000 0.4496280000 0.3957550000 0.3303190000 0.2784210000 0.2445180000 0.2193430000 0.3811113966 0.3894395012 0.3964900169 0.4024741652 0.4075113948 0.4079979895 0.2453682926 0.2629491062 0.2800845656 0.3534987553 0.0885517610 0.0369588724 0.0504991323 0.0685080678 0.0828665691 0.0816595813
0.4703020000 0.3997300000 0.3410750000 0.2978480000 0.2679810000 0.2497940000 0.1109399189 0.2968234581 0.3072319540 0.3160771062 0.3305769418 0.7048494783 0.4942204717 0.3997300000 0.3410750000 0.2978480000 0.2679810000 0.3484456049 0.1766957323 0.1202410000 0.2968234581 0.3160771062 0.3235265258 0.1242943412 0.1426814057 0.1587956059 0.6567050000 0.5428110000 0.4703020000 0.3997300000 0.3410750000 0.2978480000 0.2679810000 0.2497940000 0.4705910000 0.3528020000 0.2885380000 0.2132520000 0.1554910000 0.1202410000 0.0955080000 0.2968234581 0.3072319540 0.3160771062 0.3235265258 0.3295308018 0.3295434882 0.1242943412 0.1426814057 0.1587956059 0.3410627899 0.0819543673 0.0326356171 0.0469075493 0.0634758257 0.0752724059 0.0716851807
0.4369200000 0.3547970000 0.2867280000 0.2347040000 0.1994010000 0.1786500000 0.0236264465 0.2288911424 0.2416262594 0.2539292044 0.2782519036 0.6745937662 0.4617683724 0.3547970000 0.2867280000 0.2347040000 0.1994010000 0.1997421561 0.0565366068 0.0278770000 0.2288911424 0.2539292044 0.2658428387 0.0356394139 0.0459470520 0.0482767609 0.6235080000 0.5122480000 0.4369200000 0.3547970000 0.2867280000 0.2347040000 0.1994010000 0.1786500000 0.3303340000 0.1928750000 0.1371240000 0.0798750000 0.0429990000 0.0278770000 0.0160120000 0.2288911424 0.2416262594 0.2539292044 0.2658428387 0.2762802737 0.2809668877 0.0356394139 0.0459470520 0.0482767609 0.3781641574 0.1234997996 0.0596376166 0.0760454147 0.0938062190 0.1062022693 0.1022703507
0.8124390000 0.7831380000 0.7509780000 0.7250320000 0.7096320000 0.7004850000 0.3062892288 0.7293105823 0.7330751686 0.7355124594 0.7373971571 0.8905139177 0.8203274874 0.7831380000 0.7509780000 0.7250320000 0.7096320000 0.4782543928 0.3471195637 0.3219520000 0.7293105823 0.7355124594 0.7367783970 0.3241347025 0.3287479707 0.3194993498 0.8736050000 0.8363530000 0.8124390000 0.7831380000 0.7509780000 0.7250320000 0.7096320000 0.7004850000 0.6149950000 0.4871490000 0.4157460000 0.3650860000 0.3366980000 0.3219520000 0.2973510000 0.7293105823 0.7330751686 0.7355124594 0.7367783970 0.7373926868 0.7345442541 0.3241347025 0.3287479707 0.3194993498 0.7829681706 0.6585708326 0.6219071466 0.6415028509 0.6396654829 0.6286581867 0.6081675001
0.4985840000 0.4336220000 0.3810320000 0.3444530000 0.3205100000 0.3066340000 0.2413175327 0.3442915424 0.3535745578 0.3617842226 0.3767027886 0.7239488700 0.5212423721 0.4336220000 0.3810320000 0.3444530000 0.3205100000 0.4512447834 0.3045708298 0.2516910000 0.3442915424 0.3617842226 0.3691196751 0.2526985516 0.2697571583 0.2860437885 0.6778090000 0.5672730000 0.4985840000 0.4336220000 0.3810320000 0.3444530000 0.3205100000 0.3066340000 0.5503560000 0.4547260000 0.4020290000 0.3371880000 0.2856510000 0.2516910000 0.2262310000 0.3442915424 0.3535745578 0.3617842226 0.3691196751 0.3754736956 0.3771461885 0.2526985516 0.2697571583 0.2860437885 0.3375258349 0.0811120330 0.0327089686 0.0459107917 0.0630234587 0.0762972108 0.0746000164
0.4934450000 0.4277390000 0.3745790000 0.3375370000 0.3132940000 0.2992500000 0.2471276933 0.3369428923 0.3464197282 0.3549136477 0.3706702418 0.7211320827 0.5163309817 0.4277390000 0.3745790000 0.3375370000 0.3132940000 0.4553128191 0.3100076429 0.2574930000 0.3369428923 0.3549136477 0.3626193224 0.2584245046 0.2753388930 0.2915253899 0.6744880000 0.5628240000 0.4934450000 0.4277390000 0.3745790000 0.3375370000 0.3132940000 0.2992500000 0.5530950000 0.4586990000 0.4066730000 0.3423590000 0.2912420000 0.2574930000 0.2321120000 0.3369428923 0.3464197282 0.3549136477 0.3626193224 0.3693560944 0.3714638764 0.2584245046 0.2753388930 0.2915253899 0.3337150509 0.0795828710 0.0319019386 0.0449832822 0.0619113131 0.0749974866 0.0732798506
0.9582650000 0.9466470000 0.9327380000 0.9170100000 0.9061210000 0.8992620000 0.8198582351 0.9148968762 0.9172887518 0.9195826039 0.9241402816 0.9794216757 0.9614004049 0.9466470000 0.9327380000 0.9170100000 0.9061210000 0.9272137562 0.8702139387 0.8280270000 0.9148968762 0.9195826039 0.9218016778 0.8285819929 0.8366971233 0.8438775078 0.9763480000 0.9677700000 0.9582650000 0.9466470000 0.9327380000 0.9170100000 0.9061210000 0.8992620000 0.9415720000 0.9279050000 0.9200070000 0.8939770000 0.8564300000 0.8280270000 0.8090300000 0.9148968762 0.9172887518 0.9195826039 0.9218016778 0.9237723573 0.9245216392 0.8285819929 0.8366971233 0.8438775078 0.9666000942 0.9230412221 0.8926089823 0.8976769709 0.9027200829 0.9070640030 0.9069670106
0.1282770000 0.0681350000 0.0324250000 0.0210190000 0.0104380000 0.0071360000 0.0065353788 0.0235590153 0.0309395301 0.0361346146 0.0409140366 0.3719298750 0.1426378471 0.0681350000 0.0324250000 0.0210190000 0.0104380000 0.1153140055 0.0186449423 0.0109540000 0.0235590153 0.0361346146 0.0392835922 0.0156861906 0.0195115201 0.0155183520 0.2839600000 0.1718120000 0.1282770000 0.0681350000 0.0324250000 0.0210190000 0.0104380000 0.0071360000 0.1517490000 0.0955640000 0.0842240000 0.0306540000 0.0116790000 0.0109540000 0.0024910000 0.0235590153 0.0309395301 0.0361346146 0.0392835922 0.0408883007 0.0381175961 0.0156861906 0.0195115201 0.0155183520 0.1184723869 0.0202399668 0.0058939188 0.0154890326 0.0197502662 0.0173445895 0.0099254219
0.0787870000 0.0274470000 0.0089810000 0.0095540000 0.0015280000 0.0005830000 0.0042871669 0.0110768527 0.0157009060 0.0176545710 0.0142778296 0.2365578545 0.0811290699 0.0274470000 0.0089810000 0.0095540000 0.0015280000 0.0959313845 0.0100656166 0.0089980000 0.0110768527 0.0176545710 0.0170867446 0.0123952293 0.0144489804 0.0088490974 0.1391520000 0.0858870000 0.0787870000 0.0274470000 0.0089810000 0.0095540000 0.0015280000 0.0005830000 0.0961370000 0.0768840000 0.0744580000 0.0155420000 0.0068890000 0.0089980000 0.0006040000 0.0110768527 0.0157009060 0.0176545710 0.0170867446 0.0150408611 0.0099742085 0.0123952293 0.0144489804 0.0088490974 0.0833280591 0.0113411199 0.0042194175 0.0127129070 0.0148083501 0.0107097595 0.0038559128
0.9106650000 0.8840640000 0.8557110000 0.8255020000 0.8028810000 0.7872420000 0.6762130744 0.8201813814 0.8252173617 0.8300156709 0.8394218897 0.9608037436 0.9181243278 0.8840640000 0.8557110000 0.8255020000 0.8028810000 0.8647860537 0.7594388818 0.6924040000 0.8201813814 0.8300156709 0.8346185287 0.6904170356 0.7047670890 0.7167537504 0.9543640000 0.9332780000 0.9106650000 0.8840640000 0.8557110000 0.8255020000 0.8028810000 0.7872420000 0.9098200000 0.8743910000 0.8423090000 0.7938370000 0.7394860000 0.6924040000 0.6568200000 0.8201813814 0.8252173617 0.8300156709 0.8346185287 0.8386677430 0.8400832997 0.6904170356 0.7047670890 0.7167537504 0.9256727430 0.8308368319 0.7677471739 0.7781551686 0.7889057428 0.7980092477 0.7976293097
0.4170230000 0.3392820000 0.2755590000 0.2296160000 0.1989440000 0.1810060000 0.1512946450 0.2280500309 0.2395522208 0.2498256482 0.2682747873 0.6767721600 0.4434742059 0.3392820000 0.2755590000 0.2296160000 0.1989440000 0.3850927885 0.2205102299 0.1621630000 0.2280500309 0.2498256482 0.2590320872 0.1655107539 0.1830148848 0.1975776926 0.6235810000 0.4972100000 0.4170230000 0.3392820000 0.2755590000 0.2296160000 0.1989440000 0.1810060000 0.4955510000 0.3894220000 0.3299660000 0.2568260000 0.1994450000 0.1621630000 0.1347720000 0.2280500309 0.2395522208 0.2498256482 0.2590320872 0.2668303918 0.2686469912 0.1655107539 0.1830148848 0.1975776926 0.2945390948 0.0623270971 0.0222685461 0.0351507358 0.0493529668 0.0584772816 0.0540492215
0.3089560000 0.2258210000 0.1613140000 0.1192560000 0.0926170000 0.0785540000 0.0962924382 0.1189987650 0.1309834150 0.1418098200 0.1613021943 0.6020448177 0.3373013137 0.2258210000 0.1613140000 0.1192560000 0.0926170000 0.3348417427 0.1624491892 0.1058490000 0.1189987650 0.1418098200 0.1515900725 0.1114058268 0.1282935124 0.1409850398 0.5379970000 0.3948850000 0.3089560000 0.2258210000 0.1613140000 0.1192560000 0.0926170000 0.0785540000 0.4491600000 0.3392500000 0.2768780000 0.1990390000 0.1412250000 0.1058490000 0.0804930000 0.1189987650 0.1309834150 0.1418098200 0.1515900725 0.1598057319 0.1619270541 0.1114058268 0.1282935124 0.1409850398 0.2367170277 0.0449978390 0.0142876911 0.0260302722 0.0369505965 0.0419474369 0.0358252498
0.5526210000 0.4671080000 0.3938320000 0.3308120000 0.2870780000 0.2605970000 0.1225348531 0.3217024002 0.3354624002 0.3491528615 0.3773424028 0.7667670752 0.5786262230 0.4671080000 0.3938320000 0.3308120000 0.2870780000 0.4202288496 0.2139655382 0.1331510000 0.3217024002 0.3491528615 0.3627966330 0.1414676504 0.1635922161 0.1805927949 0.7288660000 0.6314560000 0.5526210000 0.4671080000 0.3938320000 0.3308120000 0.2870780000 0.2605970000 0.5661390000 0.4340520000 0.3507340000 0.2619100000 0.1861550000 0.1331510000 0.1014340000 0.3217024002 0.3354624002 0.3491528615 0.3627966330 0.3749858159 0.3811542275 0.1414676504 0.1635922161 0.1805927949 0.5836196821 0.3131299147 0.2037405583 0.2232765496 0.2488425319 0.2709131525 0.2723842476
0.8649740000 0.8402810000 0.8172550000 0.7973090000 0.7758640000 0.7575690000 0.4820372540 0.7897513893 0.7943896622 0.7981381786 0.8033592078 0.9235806764 0.8716324059 0.8402810000 0.8172550000 0.7973090000 0.7758640000 0.6300771740 0.5558860976 0.5010800000 0.7897513893 0.7981381786 0.8010400552 0.4971776653 0.5057876181 0.5010551007 0.9118830000 0.8851590000 0.8649740000 0.8402810000 0.8172550000 0.7973090000 0.7758640000 0.7575690000 0.7179460000 0.6278870000 0.5921960000 0.5746120000 0.5450240000 0.5010800000 0.4619980000 0.7897513893 0.7943896622 0.7981381786 0.8010400552 0.8030980759 0.8020911458 0.4971776653 0.5057876181 0.5010551007 0.8764666357 0.7983510247 0.7198639160 0.7278055746 0.7428869598 0.7540440276 0.7525359983
0.5832870000 0.5280230000 0.4798580000 0.4415760000 0.4125870000 0.3931500000 0.0751499922 0.4381640212 0.4471114419 0.4544841131 0.4654038993 0.7674135203 0.6019810064 0.5280230000 0.4798580000 0.4415760000 0.4125870000 0.3285895398 0.1383202393 0.0807200000 0.4381640212 0.4544841131 0.4603719029 0.0904016843 0.1081598777 0.1241405343 0.7296380000 0.6399580000 0.5832870000 0.5280230000 0.4798580000 0.4415760000 0.4125870000 0.3931500000 0.4697310000 0.3366210000 0.2605480000 0.1776840000 0.1154870000 0.0807200000 0.0607840000 0.4381640212 0.4471114419 0.4544841131 0.4603719029 0.4647446920 0.4634722631 0.0904016843 0.1081598777 0.1241405343 0.4375333678 0.1431287998 0.0723573823 0.0900842081 0.1102424691 0.1257318739 0.1227886363
0.4356920000 0.3618750000 0.3006800000 0.2552830000 0.2236340000 0.2044500000 0.0719303175 0.2525728732 0.2638544553 0.2737635483 0.2907933852 0.6802774048 0.4603002278 0.3618750000 0.3006800000 0.2552830000 0.2236340000 0.2976091072 0.1282576239 0.0790850000 0.2525728732 0.2737635483 0.2824283620 0.0853104393 0.1015298771 0.1144713292 0.6287270000 0.5102920000 0.4356920000 0.3618750000 0.3006800000 0.2552830000 0.2236340000 0.2044500000 0.4214640000 0.2994870000 0.2366390000 0.1625260000 0.1083800000 0.0790850000 0.0589270000 0.2525728732 0.2638544553 0.2737635483 0.2824283620 0.2895382042 0.2905453310 0.0853104393 0.1015298771 0.1144713292 0.3183680146 0.0729160957 0.0278825815 0.0418232180 0.0569710961 0.0668817164 0.0622867373
0.7288880000 0.6899440000 0.6493830000 0.6109920000 0.5807920000 0.5612470000 0.1499416555 0.6051171265 0.6127020033 0.6191264833 0.6290519934 0.8460008463 0.7407702114 0.6899440000 0.6493830000 0.6109920000 0.5807920000 0.3866481923 0.1952434951 0.1519530000 0.6051171265 0.6191264833 0.6244395133 0.1709982661 0.1794071126 0.1808212200 0.8215760000 0.7649090000 0.7288880000 0.6899440000 0.6493830000 0.6109920000 0.5807920000 0.5612470000 0.5424120000 0.4007940000 0.3131600000 0.2308460000 0.1745920000 0.1519530000 0.1422050000 0.6051171265 0.6127020033 0.6191264833 0.6244395133 0.6284643529 0.6276754319 0.1709982661 0.1794071126 0.1808212200 0.6397800851 0.3863611863 0.3035598514 0.3288595869 0.3408374951 0.3460612548 0.3346141940
0.0792410000 0.0264550000 0.0091490000 0.0096320000 0.0015450000 0.0006310000 0.0040942079 0.0110939147 0.0156611471 0.0176223854 0.0143812765 0.2353908206 0.0818604898 0.0264550000 0.0091490000 0.0096320000 0.0015450000 0.0935307485 0.0089521349 0.0088660000 0.0110939147 0.0176223854 0.0171098291 0.0120493830 0.0138563011 0.0080817208 0.1376530000 0.0871820000 0.0792410000 0.0264550000 0.0091490000 0.0096320000 0.0015450000 0.0006310000 0.0878930000 0.0748270000 0.0736360000 0.0133640000 0.0063930000 0.0088660000 0.0004410000 0.0110939147 0.0156611471 0.0176223854 0.0171098291 0.0151192095 0.0101662969 0.0120493830 0.0138563011 0.0080817208 0.0824657762 0.0107420436 0.0042068530 0.0125417985 0.0145866078 0.0105003650 0.0037014041
0.2632630000 0.1845280000 0.1263910000 0.0905780000 0.0668710000 0.0551480000 0.0113849817 0.0900820305 0.1011627336 0.1110077532 0.1279538042 0.5328216750 0.2869456154 0.1845280000 0.1263910000 0.0905780000 0.0668710000 0.1412151408 0.0300205444 0.0155030000 0.0900820305 0.1110077532 0.1196892990 0.0215086664 0.0274447412 0.0253441078 0.4626080000 0.3350570000 0.2632630000 0.1845280000 0.1263910000 0.0905780000 0.0668710000 0.0551480000 0.2215580000 0.1236050000 0.0969500000 0.0471060000 0.0201100000 0.0155030000 0.0068080000 0.0900820305 0.1011627336 0.1110077532 0.1196892990 0.1267428773 0.1281867387 0.0215086664 0.0274447412 0.0253441078 0.2079600635 0.0398833193 0.0129996327 0.0245625446 0.0335748254 0.0361863403 0.0292380594
0.0765910000 0.0233500000 0.0078430000 0.0092540000 0.0010980000 0.0003790000 0.0040816002 0.0105678876 0.0148517124 0.0165018052 0.0125085605 0.2198140844 0.0778755099 0.0233500000 0.0078430000 0.0092540000 0.0010980000 0.0933104264 0.0087990627 0.0088600000 0.0105678876 0.0165018052 0.0156470021 0.0120065816 0.0137889687 0.0079952420 0.1213850000 0.0804850000 0.0765910000 0.0233500000 0.0078430000 0.0092540000 0.0010980000 0.0003790000 0.0867780000 0.0747400000 0.0735040000 0.0129660000 0.0063820000 0.0088600000 0.0004080000 0.0105678876 0.0148517124 0.0165018052 0.0156470021 0.0133199899 0.0081911624 0.0120065816 0.0137889687 0.0079952420 0.0797105868 0.0099652803 0.0040836910 0.0123267911 0.0141882183 0.0099646043 0.0032236831
0.1495700000 0.0855700000 0.0436610000 0.0273000000 0.0152480000 0.0108670000 0.0124181093 0.0304321545 0.0388201924 0.0450671667 0.0520555411 0.4212611692 0.1682508116 0.0855700000 0.0436610000 0.0273000000 0.0152480000 0.1549180591 0.0344158045 0.0166710000 0.0304321545 0.0450671667 0.0492946631 0.0231994167 0.0300686757 0.0294489091 0.3373640000 0.2062010000 0.1495700000 0.0855700000 0.0436610000 0.0273000000 0.0152480000 0.0108670000 0.2320510000 0.1408200000 0.1106280000 0.0534360000 0.0233830000 0.0166710000 0.0069560000 0.0304321545 0.0388201924 0.0450671667 0.0492946631 0.0518468915 0.0493378568 0.0231994167 0.0300686757 0.0294489091 0.1461870459 0.0258460332 0.0073519489 0.0175255618 0.0233668367 0.0223899386 0.0147562122
0.3770110000 0.2976480000 0.2332980000 0.1872860000 0.1561400000 0.1382070000 0.0551304729 0.1858092253 0.1976295344 0.2079543968 0.2253723778 0.6421046383 0.4033698426 0.2976480000 0.2332980000 0.1872860000 0.1561400000 0.2709016071 0.1059219469 0.0615370000 0.1858092253 0.2079543968 0.2168975254 0.0686110926 0.0832257046 0.0933312813 0.5850990000 0.4569180000 0.3770110000 0.2976480000 0.2332980000 0.1872860000 0.1561400000 0.1382070000 0.3931520000 0.2708770000 0.2104460000 0.1382790000 0.0871530000 0.0615370000 0.0434960000 0.1858092253 0.1976295344 0.2079543968 0.2168975254 0.2241247083 0.2248474274 0.0686110926 0.0832257046 0.0933312813 0.2880112347 0.0609066609 0.0217288048 0.0350619345 0.0484214249 0.0560136059 0.0502759225
0.5304270000 0.4629320000 0.4034250000 0.3548350000 0.3190120000 0.2958800000 0.0564379672 0.3500511769 0.3610750326 0.3705645827 0.3858582313 0.7396488117 0.5524602703 0.4629320000 0.4034250000 0.3548350000 0.3190120000 0.3013208843 0.1127581133 0.0609990000 0.3500511769 0.3705645827 0.3785916327 0.0721527835 0.0879554813 0.1003143290 0.6977240000 0.5972210000 0.5304270000 0.4629320000 0.4034250000 0.3548350000 0.3190120000 0.2958800000 0.4465310000 0.3084570000 0.2315830000 0.1500460000 0.0911290000 0.0609990000 0.0440000000 0.3500511769 0.3610750326 0.3705645827 0.3785916327 0.3848480000 0.3845395926 0.0721527835 0.0879554813 0.1003143290 0.4233901728 0.1346403005 0.0661264226 0.0843163087 0.1032665165 0.1168355647 0.1123107690
0.7241320000 0.6622990000 0.6044600000 0.5489290000 0.5061250000 0.4780160000 0.2468017783 0.5380664031 0.5490420081 0.5595589699 0.5800780258 0.8626849159 0.7420656583 0.6622990000 0.6044600000 0.5489290000 0.5061250000 0.5398728389 0.3625149597 0.2635800000 0.5380664031 0.5595589699 0.5696589157 0.2677501280 0.2901514687 0.3048932395 0.8403350000 0.7784980000 0.7241320000 0.6622990000 0.6044600000 0.5489290000 0.5061250000 0.4780160000 0.6632990000 0.5506440000 0.4825130000 0.4119600000 0.3338340000 0.2635800000 0.2182990000 0.5380664031 0.5490420081 0.5595589699 0.5696589157 0.5784488203 0.5818569147 0.2677501280 0.2901514687 0.3048932395 0.7480206846 0.5341684363 0.4110285111 0.4301673827 0.4544613426 0.4750058885 0.4754325724
0.1525560000 0.0881750000 0.0453470000 0.0283030000 0.0160540000 0.0114920000 0.0146116158 0.0313613672 0.0399015875 0.0463598622 0.0539879047 0.4286695422 0.1718391524 0.0881750000 0.0453470000 0.0283030000 0.0160540000 0.1652408142 0.0387470059 0.0189910000 0.0313613672 0.0463598622 0.0508607646 0.0256877078 0.0332466222 0.0336024754 0.3452000000 0.2110130000 0.1525560000 0.0881750000 0.0453470000 0.0283030000 0.0160540000 0.0114920000 0.2454060000 0.1536480000 0.1191360000 0.0584330000 0.0273280000 0.0189910000 0.0085680000 0.0313613672 0.0399015875 0.0463598622 0.0508607646 0.0537091665 0.0514773893 0.0256877078 0.0332466222 0.0336024754 0.1432675517 0.0255953384 0.0071676684 0.0173376504 0.0230523660 0.0219227426 0.0142738679
0.1870700000 0.1160220000 0.0680440000 0.0445830000 0.0285230000 0.0218520000 0.0094012711 0.0466924724 0.0560878835 0.0637034967 0.0744905160 0.4593046111 0.2079909520 0.1160220000 0.0680440000 0.0445830000 0.0285230000 0.1409296675 0.0278309066 0.0133330000 0.0466924724 0.0637034967 0.0696343512 0.0196718839 0.0256275474 0.0236558424 0.3800860000 0.2504920000 0.1870700000 0.1160220000 0.0680440000 0.0445830000 0.0285230000 0.0218520000 0.2208560000 0.1237530000 0.0967410000 0.0454790000 0.0175940000 0.0133330000 0.0049900000 0.0466924724 0.0560878835 0.0637034967 0.0696343512 0.0738989710 0.0728827439 0.0196718839 0.0256275474 0.0236558424 0.1818726134 0.0330265452 0.0102939749 0.0212203632 0.0288185421 0.0298464639 0.0225576312
0.0903060000 0.0397980000 0.0142050000 0.0113570000 0.0032970000 0.0016790000 0.0052911214 0.0134866220 0.0191495161 0.0221925719 0.0213313704 0.2905312752 0.0971082288 0.0397980000 0.0142050000 0.0113570000 0.0032970000 0.1076770022 0.0151179383 0.0097810000 0.0134866220 0.0221925719 0.0227852022 0.0141289007 0.0172839731 0.0126101625 0.1961860000 0.1109270000 0.0903060000 0.0397980000 0.0142050000 0.0113570000 0.0032970000 0.0016790000 0.1330340000 0.0876240000 0.0797640000 0.0252720000 0.0092280000 0.0097810000 0.0014680000 0.0134866220 0.0191495161 0.0221925719 0.0227852022 0.0218664146 0.0173108151 0.0141289007 0.0172839731 0.0126101625 0.0988054171 0.0159818997 0.0048981878 0.0140559455 0.0171463517 0.0137187468 0.0064982053
0.3357730000 0.2546500000 0.1906000000 0.1473480000 0.1191760000 0.1036900000 0.0910462737 0.1458684196 0.1578371151 0.1687281883 0.1886647433 0.6174784532 0.3631296963 0.2546500000 0.1906000000 0.1473480000 0.1191760000 0.3173441872 0.1519050517 0.0999570000 0.1458684196 0.1687281883 0.1786639982 0.1049995496 0.1212068863 0.1335974044 0.5559070000 0.4187050000 0.3357730000 0.2546500000 0.1906000000 0.1473480000 0.1191760000 0.1036900000 0.4288400000 0.3192400000 0.2607780000 0.1864500000 0.1318670000 0.0999570000 0.0765770000 0.1458684196 0.1578371151 0.1687281883 0.1786639982 0.1871055821 0.1896410511 0.1049995496 0.1212068863 0.1335974044 0.2453236254 0.0473344500 0.0153490008 0.0272540347 0.0386492099 0.0442600162 0.0384079465
0.5762920000 0.5251230000 0.4846890000 0.4591600000 0.4431290000 0.4342420000 0.1866992480 0.4639817684 0.4702953688 0.4747948075 0.4798738942 0.7643969919 0.5947983109 0.5251230000 0.4846890000 0.4591600000 0.4431290000 0.4220942321 0.2578019884 0.1977380000 0.4639817684 0.4747948075 0.4776947550 0.1978541751 0.2185858955 0.2397523378 0.7253440000 0.6323940000 0.5762920000 0.5251230000 0.4846890000 0.4591600000 0.4431290000 0.4342420000 0.5359600000 0.4277260000 0.3664690000 0.2944380000 0.2365510000 0.1977380000 0.1698200000 0.4639817684 0.4702953688 0.4747948075 0.4776947550 0.4796036722 0.4769510781 0.1978541751 0.2185858955 0.2397523378 0.3998102554 0.1138690216 0.0523747105 0.0672678806 0.0874776496 0.1042363401 0.1037516119
0.6845270000 0.6371740000 0.5899450000 0.5462050000 0.5119480000 0.4893230000 0.1136632811 0.5390165220 0.5480124107 0.5558210141 0.5684394675 0.8240600827 0.6991774721 0.6371740000 0.5899450000 0.5462050000 0.5119480000 0.3606378356 0.1637382468 0.1158760000 0.5390165220 0.5558210141 0.5624770612 0.1338922234 0.1446765470 0.1496322489 0.7959540000 0.7289400000 0.6845270000 0.6371740000 0.5899450000 0.5462050000 0.5119480000 0.4893230000 0.5181430000 0.3741720000 0.2860880000 0.2012160000 0.1419990000 0.1158760000 0.1042010000 0.5390165220 0.5480124107 0.5558210141 0.5624770612 0.5676416804 0.5673533540 0.1338922234 0.1446765470 0.1496322489 0.5920761501 0.3146077837 0.2249992084 0.2492396256 0.2656414390 0.2757510460 0.2672827854
0.1970830000 0.1253270000 0.0752760000 0.0499440000 0.0329440000 0.0255660000 0.0144223344 0.0518223747 0.0615399474 0.0695358227 0.0813550146 0.4748439795 0.2189351722 0.1253270000 0.0752760000 0.0499440000 0.0329440000 0.1575349670 0.0368772747 0.0188210000 0.0518223747 0.0695358227 0.0759151304 0.0251266483 0.0321466270 0.0319476260 0.3968980000 0.2633280000 0.1970830000 0.1253270000 0.0752760000 0.0499440000 0.0329440000 0.0255660000 0.2354870000 0.1435740000 0.1129710000 0.0559500000 0.0258140000 0.0188210000 0.0088560000 0.0518223747 0.0615399474 0.0695358227 0.0759151304 0.0806526084 0.0800327016 0.0251266483 0.0321466270 0.0319476260 0.1634692645 0.0291012989 0.0084746323 0.0189513818 0.0257208659 0.0257805621 0.0182953445
0.8258800000 0.7847270000 0.7439080000 0.7014420000 0.6689270000 0.6480050000 0.3870208228 0.6921249339 0.7001176778 0.7080370323 0.7242631780 0.9142657075 0.8376009055 0.7847270000 0.7439080000 0.7014420000 0.6689270000 0.6680395328 0.5081765245 0.4052100000 0.6921249339 0.7080370323 0.7159060963 0.4058807574 0.4295674194 0.4493295992 0.9003200000 0.8614120000 0.8258800000 0.7847270000 0.7439080000 0.7014420000 0.6689270000 0.6480050000 0.7597710000 0.6775470000 0.6249630000 0.5592310000 0.4785620000 0.4052100000 0.3578780000 0.6921249339 0.7001176778 0.7080370323 0.7159060963 0.7229294104 0.7263834589 0.4058807574 0.4295674194 0.4493295992 0.8381031128 0.6825696951 0.5831146900 0.5975335774 0.6169028670 0.6344567951 0.6369219539
0.9607870000 0.9622380000 0.9652360000 0.9620180000 0.9511800000 0.9425800000 0.8496980811 0.9539561964 0.9554208723 0.9563668205 0.9563542869 0.9689132893 0.9606946367 0.9622380000 0.9652360000 0.9620180000 0.9511800000 0.8516442451 0.8957236270 0.8707840000 0.9539561964 0.9563668205 0.9567454634 0.8487222359 0.8556708726 0.8538592916 0.9648440000 0.9605070000 0.9607870000 0.9622380000 0.9652360000 0.9620180000 0.9511800000 0.9425800000 0.8548350000 0.8297070000 0.8554140000 0.8938180000 0.8968290000 0.8707840000 0.8349730000 0.9539561964 0.9554208723 0.9563668205 0.9567454634 0.9565490182 0.9551249908 0.8487222359 0.8556708726 0.8538592916 0.9765738651 0.9755221584 0.9565505826 0.9587522064 0.9610162512 0.9631761696 0.9635954168
0.4678670000 0.3988810000 0.3409120000 0.2962290000 0.2638760000 0.2436260000 0.0501219851 0.2902127504 0.3015210343 0.3119601355 0.3312785531 0.6939436591 0.4902759911 0.3988810000 0.3409120000 0.2962290000 0.2638760000 0.2648070346 0.0963545786 0.0547510000 0.2902127504 0.3119601355 0.3216029197 0.0635359045 0.0774905127 0.0878064206 0.6448830000 0.5358000000 0.4678670000 0.3988810000 0.3409120000 0.2962290000 0.2638760000 0.2436260000 0.3937820000 0.2656560000 0.2015710000 0.1283300000 0.0778070000 0.0547510000 0.0399160000 0.2902127504 0.3015210343 0.3119601355 0.3216029197 0.3297854688 0.3324708634 0.0635359045 0.0774905127 0.0878064206 0.3447021637 0.0890585366 0.0375378516 0.0521318206 0.0687433452 0.0805299671 0.0769936159
0.7788920000 0.7571710000 0.7344030000 0.7135490000 0.6953910000 0.6833900000 0.1920315782 0.7094268791 0.7142042852 0.7178964335 0.7222153981 0.8663251646 0.7861962894 0.7571710000 0.7344030000 0.7135490000 0.6953910000 0.4189368437 0.2311884848 0.1891520000 0.7094268791 0.7178964335 0.7205191306 0.2136295870 0.2196898850 0.2203785481 0.8453350000 0.8010350000 0.7788920000 0.7571710000 0.7344030000 0.7135490000 0.6953910000 0.6833900000 0.5674370000 0.4330460000 0.3486840000 0.2672030000 0.2102980000 0.1891520000 0.1855810000 0.7094268791 0.7142042852 0.7178964335 0.7205191306 0.7221041040 0.7202921752 0.2136295870 0.2196898850 0.2203785481 0.6682376850 0.4366587245 0.3708866144 0.3946452045 0.4026416638 0.4047206488 0.3931857782
0.5251870000 0.4648490000 0.4162720000 0.3833010000 0.3619290000 0.3496790000 0.2198726792 0.3850516634 0.3932874177 0.4001386930 0.4113849479 0.7378578937 0.5464579431 0.4648490000 0.4162720000 0.3833010000 0.3619290000 0.4368100893 0.2846008679 0.2302310000 0.3850516634 0.4001386930 0.4058188344 0.2311340315 0.2492040915 0.2667687713 0.6941830000 0.5896700000 0.5251870000 0.4648490000 0.4162720000 0.3833010000 0.3619290000 0.3496790000 0.5413600000 0.4407670000 0.3852590000 0.3182680000 0.2650720000 0.2302310000 0.2045000000 0.3850516634 0.3932874177 0.4001386930 0.4058188344 0.4105131276 0.4105297312 0.2311340315 0.2492040915 0.2667687713 0.3575892991 0.0903545826 0.0379189831 0.0516523927 0.0698117367 0.0842658521 0.0829658124
0.1972860000 0.1246530000 0.0735410000 0.0478570000 0.0312600000 0.0240750000 0.0240150727 0.0503890807 0.0602610304 0.0683572030 0.0802298566 0.4870468213 0.2207096682 0.1246530000 0.0735410000 0.0478570000 0.0312600000 0.1965993409 0.0567224733 0.0289380000 0.0503890807 0.0683572030 0.0747838958 0.0361210009 0.0458501512 0.0489429978 0.4097010000 0.2682950000 0.1972860000 0.1246530000 0.0735410000 0.0478570000 0.0312600000 0.0240750000 0.2917060000 0.1886840000 0.1454600000 0.0809140000 0.0426900000 0.0289380000 0.0162440000 0.0503890807 0.0602610304 0.0683572030 0.0747838958 0.0795299993 0.0786950149 0.0361210009 0.0458501512 0.0489429978 0.1702594471 0.0304682454 0.0087747972 0.0193759997 0.0265604822 0.0270123683 0.0194968391
0.0746010000 0.0177270000 0.0067900000 0.0089930000 0.0006440000 0.0002050000 0.0038915243 0.0100158727 0.0138675834 0.0151972788 0.0106760425 0.2005142282 0.0750677646 0.0177270000 0.0067900000 0.0089930000 0.0006440000 0.0906189045 0.0071242140 0.0087190000 0.0100158727 0.0151972788 0.0140912964 0.0115228936 0.0130155901 0.0070937770 0.1005540000 0.0760160000 0.0746010000 0.0177270000 0.0067900000 0.0089930000 0.0006440000 0.0002050000 0.0755640000 0.0732330000 0.0725990000 0.0091830000 0.0059300000 0.0087190000 0.0002190000 0.0100158727 0.0138675834 0.0151972788 0.0140912964 0.0115140009 0.0064302681 0.0115228936 0.0130155901 0.0070937770 0.0748054842 0.0078801465 0.0039111753 0.0117344945 0.0132841160 0.0089265167 0.0023723716
0.6554870000 0.6188360000 0.5907800000 0.5752820000 0.5652490000 0.5592940000 0.1360005143 0.5804272596 0.5847848648 0.5872086404 0.5870777361 0.8039114193 0.6693639293 0.6188360000 0.5907800000 0.5752820000 0.5652490000 0.4068098570 0.2188563397 0.1471990000 0.5804272596 0.5872086404 0.5878252706 0.1489034912 0.1726426676 0.1982260638 0.7718300000 0.6975550000 0.6554870000 0.6188360000 0.5907800000 0.5752820000 0.5652490000 0.5592940000 0.5366710000 0.4164260000 0.3439880000 0.2616820000 0.1940150000 0.1471990000 0.1161750000 0.5804272596 0.5847848648 0.5872086404 0.5878252706 0.5873546882 0.5827321421 0.1489034912 0.1726426676 0.1982260638 0.4808247107 0.1775215599 0.0992484103 0.1164723723 0.1391648655 0.1585828591 0.1588905849
0.6373850000 0.5776540000 0.5192630000 0.4661920000 0.4267640000 0.4017390000 0.0966950169 0.4590142205 0.4697154580 0.4792978033 0.4958822736 0.8016369827 0.6554865617 0.5776540000 0.5192630000 0.4661920000 0.4267640000 0.3364391100 0.1449245887 0.1011270000 0.4590142205 0.4792978033 0.4878102981 0.1158400897 0.1268936588 0.1306579947 0.7699160000 0.6922600000 0.6373850000 0.5776540000 0.5192630000 0.4661920000 0.4267640000 0.4017390000 0.4961860000 0.3484470000 0.2611180000 0.1796170000 0.1248010000 0.1011270000 0.0876200000 0.4590142205 0.4697154580 0.4792978033 0.4878102981 0.4947235135 0.4955128789 0.1158400897 0.1268936588 0.1306579947 0.5687342115 0.2882275166 0.1971148464 0.2214357824 0.2384769037 0.2487695213 0.2399362025
0.2843970000 0.2044260000 0.1434990000 0.1046590000 0.0792900000 0.0662090000 0.0264371445 0.1050577746 0.1164838958 0.1263494082 0.1424260484 0.5667014518 0.3104493943 0.2044260000 0.1434990000 0.1046590000 0.0792900000 0.2075925369 0.0613269209 0.0310530000 0.1050577746 0.1263494082 0.1347389001 0.0387781689 0.0494067261 0.0537776164 0.4998100000 0.3633750000 0.2843970000 0.2044260000 0.1434990000 0.1046590000 0.0792900000 0.0662090000 0.3184340000 0.2009530000 0.1515240000 0.0873880000 0.0462100000 0.0310530000 0.0185920000 0.1050577746 0.1164838958 0.1263494082 0.1347389001 0.1413371156 0.1416415016 0.0387781689 0.0494067261 0.0537776164 0.2355110619 0.0451841316 0.0147269059 0.0268583294 0.0373233000 0.0414299786 0.0345229039
0.7684060000 0.7354820000 0.6998190000 0.6668740000 0.6433920000 0.6298680000 0.1762621685 0.6646038524 0.6705885412 0.6756434570 0.6836711135 0.8658889361 0.7780065075 0.7354820000 0.6998190000 0.6668740000 0.6433920000 0.3999928444 0.2209629028 0.1843060000 0.6646038524 0.6756434570 0.6798512079 0.1952943152 0.2044531469 0.2044544390 0.8447940000 0.7975100000 0.7684060000 0.7354820000 0.6998190000 0.6668740000 0.6433920000 0.6298680000 0.5559170000 0.4136870000 0.3270300000 0.2514080000 0.2033030000 0.1843060000 0.1689590000 0.6646038524 0.6705885412 0.6756434570 0.6798512079 0.6831563675 0.6826646828 0.1952943152 0.2044531469 0.2044544390 0.6899358776 0.4711465564 0.3968710465 0.4210242182 0.4296807813 0.4311783094 0.4178700031
0.2275510000 0.1531190000 0.0990080000 0.0687260000 0.0486400000 0.0391380000 0.0208312410 0.0690540608 0.0795193704 0.0886119176 0.1037984448 0.5064139188 0.2506306148 0.1531190000 0.0990080000 0.0687260000 0.0486400000 0.1739614850 0.0469121539 0.0256660000 0.0690540608 0.0886119176 0.0964393415 0.0317901444 0.0398688961 0.0413677896 0.4318360000 0.2975170000 0.2275510000 0.1531190000 0.0990080000 0.0687260000 0.0486400000 0.0391380000 0.2546050000 0.1626660000 0.1278110000 0.0671880000 0.0351510000 0.0256660000 0.0143280000 0.0690540608 0.0795193704 0.0886119176 0.0964393415 0.1027320985 0.1037252203 0.0317901444 0.0398688961 0.0413677896 0.1671705520 0.0300720852 0.0087225803 0.0192427809 0.0262897526 0.0267261775 0.0194203263
0.6424340000 0.6027440000 0.5717490000 0.5534420000 0.5413670000 0.5340790000 0.1361591611 0.5583460583 0.5631607958 0.5660007201 0.5666987729 0.7977595362 0.6572111418 0.6027440000 0.5717490000 0.5534420000 0.5413670000 0.4043315382 0.2179695357 0.1474070000 0.5583460583 0.5660007201 0.5670082477 0.1489374130 0.1724557018 0.1975127265 0.7646230000 0.6872310000 0.6424340000 0.6027440000 0.5717490000 0.5534420000 0.5413670000 0.5340790000 0.5333560000 0.4135590000 0.3418700000 0.2602680000 0.1934340000 0.1474070000 0.1166200000 0.5583460583 0.5631607958 0.5660007201 0.5670082477 0.5669017602 0.5624061499 0.1489374130 0.1724557018 0.1975127265 0.4691761690 0.1665852741 0.0903339127 0.1073924081 0.1297848717 0.1487890937 0.1488111383
0.7336750000 0.7071250000 0.6833750000 0.6649670000 0.6485100000 0.6362030000 0.1363507342 0.6616728125 0.6667587167 0.6704904202 0.6739694533 0.8432812187 0.7433319151 0.7071250000 0.6833750000 0.6649670000 0.6485100000 0.4026000787 0.2018534938 0.1383700000 0.6616728125 0.6704904202 0.6728638905 0.1556512524 0.1706466627 0.1846900565 0.8182360000 0.7629500000 0.7336750000 0.7071250000 0.6833750000 0.6649670000 0.6485100000 0.6362030000 0.5485060000 0.4162960000 0.3328510000 0.2450880000 0.1767750000 0.1383700000 0.1215510000 0.6616728125 0.6667587167 0.6704904202 0.6728638905 0.6739838576 0.6712221750 0.1556512524 0.1706466627 0.1846900565 0.5932818510 0.3130826114 0.2280462288 0.2493846729 0.2676514537 0.2814795831 0.2773696651
0.3321930000 0.2513120000 0.1874680000 0.1444540000 0.1163680000 0.1009490000 0.0791358371 0.1431836751 0.1551067251 0.1658653024 0.1852384295 0.6138905157 0.3594362214 0.2513120000 0.1874680000 0.1444540000 0.1163680000 0.3002147053 0.1365503461 0.0873720000 0.1431836751 0.1658653024 0.1755785874 0.0929659151 0.1084292710 0.1197165411 0.5519740000 0.4147810000 0.3321930000 0.2513120000 0.1874680000 0.1444540000 0.1163680000 0.1009490000 0.4111040000 0.3010570000 0.2437680000 0.1701390000 0.1170670000 0.0873720000 0.0655370000 0.1431836751 0.1551067251 0.1658653024 0.1755785874 0.1837489877 0.1859193696 0.0929659151 0.1084292710 0.1197165411 0.2402957501 0.0459382461 0.0147353490 0.0266068686 0.0376612390 0.0427603904 0.0365864985
0.6584090000 0.6075130000 0.5581720000 0.5134200000 0.4785580000 0.4554370000 0.0961074996 0.5057857490 0.5153221916 0.5237333210 0.5377421142 0.8098620170 0.6743337561 0.6075130000 0.5581720000 0.5134200000 0.4785580000 0.3447328397 0.1474382710 0.0983900000 0.5057857490 0.5237333210 0.5310454529 0.1154739717 0.1274169716 0.1342281726 0.7794000000 0.7066850000 0.6584090000 0.6075130000 0.5581720000 0.5134200000 0.4785580000 0.4554370000 0.5015990000 0.3572660000 0.2703230000 0.1852350000 0.1255140000 0.0983900000 0.0860140000 0.5057857490 0.5153221916 0.5237333210 0.5310454529 0.5368179972 0.5370356834 0.1154739717 0.1274169716 0.1342281726 0.5603539884 0.2737229753 0.1841927564 0.2072095058 0.2255496123 0.2380105650 0.2313515984
0.9662810000 0.9635040000 0.9573260000 0.9436960000 0.9320060000 0.9266830000 0.8171385146 0.9393911555 0.9413936953 0.9432896089 0.9467224283 0.9760965532 0.9670172676 0.9635040000 0.9573260000 0.9436960000 0.9320060000 0.9004991963 0.8886808157 0.8274990000 0.9393911555 0.9432896089 0.9450628373 0.8231054487 0.8340697188 0.8429921682 0.9729480000 0.9685130000 0.9662810000 0.9635040000 0.9573260000 0.9436960000 0.9320060000 0.9266830000 0.8990550000 0.8858610000 0.9040080000 0.9107990000 0.8758510000 0.8274990000 0.7972480000 0.9393911555 0.9413936953 0.9432896089 0.9450628373 0.9465062446 0.9469347106 0.8231054487 0.8340697188 0.8429921682 0.9759464574 0.9544082369 0.9326235877 0.9363905768 0.9392779094 0.9419160459 0.9419335787
0.1571110000 0.0918630000 0.0484640000 0.0307050000 0.0178950000 0.0130250000 0.0147834428 0.0332745634 0.0419087802 0.0486091877 0.0572574042 0.4307673027 0.1763370851 0.0918630000 0.0484640000 0.0307050000 0.0178950000 0.1629832857 0.0385577444 0.0192390000 0.0332745634 0.0486091877 0.0535095307 0.0256221653 0.0331137404 0.0336407388 0.3474720000 0.2153950000 0.1571110000 0.0918630000 0.0484640000 0.0307050000 0.0178950000 0.0130250000 0.2401360000 0.1506520000 0.1180130000 0.0580140000 0.0272720000 0.0192390000 0.0087920000 0.0332745634 0.0419087802 0.0486091877 0.0535095307 0.0568497124 0.0552841725 0.0256221653 0.0331137404 0.0336407388 0.1435441210 0.0255262547 0.0072001113 0.0173104678 0.0230610755 0.0220733939 0.0145694693
0.3845700000 0.2961420000 0.2265300000 0.1756270000 0.1419510000 0.1231350000 0.0235581417 0.1720569587 0.1849868607 0.1972150134 0.2205504803 0.6446281084 0.4119511066 0.2961420000 0.2265300000 0.1756270000 0.1419510000 0.2107208462 0.0601636988 0.0272990000 0.1720569587 0.1972150134 0.2087816223 0.0365093660 0.0475003721 0.0504933669 0.5890850000 0.4675760000 0.3845700000 0.2961420000 0.2265300000 0.1756270000 0.1419510000 0.1231350000 0.3431600000 0.2050990000 0.1473110000 0.0863830000 0.0449550000 0.0272990000 0.0154850000 0.1720569587 0.1849868607 0.1972150134 0.2087816223 0.2187114321 0.2224149008 0.0365093660 0.0475003721 0.0504933669 0.3802908131 0.1267445131 0.0609030139 0.0776995523 0.0955699802 0.1079369704 0.1038502528
0.2091790000 0.1350240000 0.0830010000 0.0553060000 0.0370610000 0.0289940000 0.0117289440 0.0574459091 0.0674652527 0.0757010226 0.0876890698 0.4888062794 0.2320603635 0.1350240000 0.0830010000 0.0553060000 0.0370610000 0.1540237761 0.0331111345 0.0156560000 0.0574459091 0.0757010226 0.0822357672 0.0224941945 0.0293589734 0.0285611067 0.4128390000 0.2785440000 0.2091790000 0.1350240000 0.0830010000 0.0553060000 0.0370610000 0.0289940000 0.2428920000 0.1392790000 0.1065060000 0.0525060000 0.0218610000 0.0156560000 0.0067830000 0.0574459091 0.0674652527 0.0757010226 0.0822357672 0.0870039869 0.0860563931 0.0224941945 0.0293589734 0.0285611067 0.1925021121 0.0351229353 0.0109042344 0.0221086840 0.0302394877 0.0317010351 0.0242453840
0.6047500000 0.5539420000 0.5106750000 0.4783680000 0.4544950000 0.4385910000 0.0994771246 0.4782923876 0.4858159567 0.4914751920 0.4981792176 0.7797231469 0.6223692932 0.5539420000 0.5106750000 0.4783680000 0.4544950000 0.3669431825 0.1749120564 0.1082760000 0.4782923876 0.4914751920 0.4953920785 0.1139963180 0.1351479161 0.1560180737 0.7438170000 0.6581630000 0.6047500000 0.5539420000 0.5106750000 0.4783680000 0.4544950000 0.4385910000 0.5039400000 0.3763220000 0.3008030000 0.2169080000 0.1505520000 0.1082760000 0.0817430000 0.4782923876 0.4858159567 0.4914751920 0.4953920785 0.4978942858 0.4949460825 0.1139963180 0.1351479161 0.1560180737 0.4545506748 0.1546507190 0.0805248414 0.0983279079 0.1194580500 0.1363449108 0.1343804590
0.4547200000 0.3754210000 0.3111690000 0.2613860000 0.2264640000 0.2055170000 0.0216833540 0.2528460760 0.2654457977 0.2781528444 0.3049615502 0.6808111643 0.4782327328 0.3754210000 0.3111690000 0.2613860000 0.2264640000 0.1956727516 0.0541349623 0.0252980000 0.2528460760 0.2781528444 0.2910083508 0.0334846951 0.0437615773 0.0468753640 0.6306840000 0.5259990000 0.4547200000 0.3754210000 0.3111690000 0.2613860000 0.2264640000 0.2055170000 0.3162820000 0.1866670000 0.1366260000 0.0785480000 0.0399740000 0.0252980000 0.0145850000 0.2528460760 0.2654457977 0.2781528444 0.2910083508 0.3026701808 0.3094996562 0.0334846951 0.0437615773 0.0468753640 0.3879595204 0.1381394627 0.0701733501 0.0853874716 0.1049103435 0.1204574714 0.1198206345
0.3617220000 0.2829490000 0.2197470000 0.1754820000 0.1456430000 0.1286290000 0.0602863716 0.1735532456 0.1853427981 0.1958417099 0.2142658428 0.6298852914 0.3878664277 0.2829490000 0.2197470000 0.1754820000 0.1456430000 0.2727925761 0.1111978560 0.0670630000 0.1735532456 0.1958417099 0.2051661413 0.0735178123 0.0880345894 0.0982390711 0.5709280000 0.4409790000 0.3617220000 0.2829490000 0.2197470000 0.1754820000 0.1456430000 0.1286290000 0.3890610000 0.2719870000 0.2145440000 0.1431410000 0.0926690000 0.0670630000 0.0484900000 0.1735532456 0.1853427981 0.1958417099 0.2051661413 0.2128882822 0.2144814033 0.0735178123 0.0880345894 0.0982390711 0.2685637012 0.0547488527 0.0188922136 0.0315312860 0.0440209638 0.0507789567 0.0450791185
0.6175140000 0.5573090000 0.4998250000 0.4483480000 0.4097440000 0.3849780000 0.0831424093 0.4404196630 0.4513033948 0.4611756942 0.4785891586 0.7890482473 0.6360628640 0.5573090000 0.4998250000 0.4483480000 0.4097440000 0.3237613929 0.1312626905 0.0864970000 0.4404196630 0.4611756942 0.4700683758 0.1015432007 0.1133801430 0.1191195439 0.7552660000 0.6737450000 0.6175140000 0.5573090000 0.4998250000 0.4483480000 0.4097440000 0.3849780000 0.4816830000 0.3348200000 0.2490140000 0.1666690000 0.1107250000 0.0864970000 0.0738850000 0.4404196630 0.4513033948 0.4611756942 0.4700683758 0.4773501890 0.4786496076 0.1015432007 0.1133801430 0.1191195439 0.5388467751 0.2525157369 0.1642254598 0.1867998740 0.2054051095 0.2179448552 0.2112796524
0.1559570000 0.0891050000 0.0485460000 0.0317320000 0.0185140000 0.0137130000 0.0059786290 0.0336189660 0.0418555376 0.0482852458 0.0567040631 0.4068656595 0.1730834689 0.0891050000 0.0485460000 0.0317320000 0.0185140000 0.1133355849 0.0184035788 0.0102050000 0.0336189660 0.0482852458 0.0530307133 0.0151712042 0.0190063811 0.0146875596 0.3224620000 0.2078760000 0.1559570000 0.0891050000 0.0485460000 0.0317320000 0.0185140000 0.0137130000 0.1552160000 0.0916370000 0.0815270000 0.0315550000 0.0107750000 0.0102050000 0.0022430000 0.0336189660 0.0418555376 0.0482852458 0.0530307133 0.0562941611 0.0550693587 0.0151712042 0.0190063811 0.0146875596 0.1460182245 0.0252853878 0.0078803113 0.0178835370 0.0236065963 0.0229428194 0.0159274427
0.3409540000 0.2592290000 0.1945800000 0.1507500000 0.1223350000 0.1067030000 0.1045270996 0.1495156763 0.1615138732 0.1724085329 0.1922909082 0.6235224740 0.3686633263 0.2592290000 0.1945800000 0.1507500000 0.1223350000 0.3379553671 0.1696897967 0.1141920000 0.1495156763 0.1724085329 0.1823245034 0.1189773321 0.1358651153 0.1490234462 0.5626420000 0.4249550000 0.3409540000 0.2592290000 0.1945800000 0.1507500000 0.1223350000 0.1067030000 0.4503090000 0.3413180000 0.2811530000 0.2055790000 0.1488720000 0.1141920000 0.0889830000 0.1495156763 0.1615138732 0.1724085329 0.1823245034 0.1907378478 0.1931563678 0.1189773321 0.1358651153 0.1490234462 0.2519820969 0.0493426210 0.0162587981 0.0282892887 0.0400713677 0.0461670060 0.0405095719
0.6633740000 0.6215400000 0.5843800000 0.5547480000 0.5310220000 0.5142590000 0.0971610166 0.5516759436 0.5587464340 0.5642221129 0.5708884979 0.8098354514 0.6777833379 0.6215400000 0.5843800000 0.5547480000 0.5310220000 0.3695377538 0.1682939143 0.1024950000 0.5516759436 0.5642221129 0.5681498630 0.1144023615 0.1328030603 0.1503865128 0.7790930000 0.7070560000 0.6633740000 0.6215400000 0.5843800000 0.5547480000 0.5310220000 0.5142590000 0.5156070000 0.3815810000 0.2994740000 0.2116050000 0.1431710000 0.1024950000 0.0807900000 0.5516759436 0.5587464340 0.5642221129 0.5681498630 0.5706334113 0.5680848298 0.1144023615 0.1328030603 0.1503865128 0.5209030457 0.2199382545 0.1345877549 0.1547575853 0.1759737550 0.1926968836 0.1899279931
0.3719180000 0.2922600000 0.2278860000 0.1824090000 0.1519640000 0.1345670000 0.0743587825 0.1810599096 0.1928730632 0.2032860758 0.2212778900 0.6410183236 0.3986169375 0.2922600000 0.2278860000 0.1824090000 0.1519640000 0.2945845740 0.1300974019 0.0820590000 0.1810599096 0.2032860758 0.2124276328 0.0880462037 0.1034048590 0.1145514935 0.5834000000 0.4528560000 0.3719180000 0.2922600000 0.2278860000 0.1824090000 0.1519640000 0.1345670000 0.4116650000 0.2952830000 0.2361500000 0.1634810000 0.1107330000 0.0820590000 0.0613450000 0.1810599096 0.1928730632 0.2032860758 0.2124276328 0.2199452008 0.2211421659 0.0880462037 0.1034048590 0.1145514935 0.2722871126 0.0548870760 0.0187273957 0.0314489527 0.0441209608 0.0510436928 0.0452829557
0.1820550000 0.1120790000 0.0641930000 0.0414690000 0.0261350000 0.0198120000 0.0140389197 0.0441821891 0.0535280150 0.0609447155 0.0709168632 0.4615736715 0.2034994542 0.1120790000 0.0641930000 0.0414690000 0.0261350000 0.1608493781 0.0375212577 0.0183140000 0.0441821891 0.0609447155 0.0665367344 0.0249939782 0.0323045923 0.0322682549 0.3820900000 0.2470640000 0.1820550000 0.1120790000 0.0641930000 0.0414690000 0.0261350000 0.0198120000 0.2437860000 0.1473500000 0.1147660000 0.0575180000 0.0259220000 0.0183140000 0.0083790000 0.0441821891 0.0535280150 0.0609447155 0.0665367344 0.0704175104 0.0688657280 0.0249939782 0.0323045923 0.0322682549 0.1651322154 0.0293220580 0.0085530464 0.0190805732 0.0259070711 0.0259683366 0.0183873613
0.1840100000 0.1133690000 0.0663050000 0.0436260000 0.0277850000 0.0212850000 0.0080502266 0.0455171278 0.0547514384 0.0622499805 0.0729705873 0.4503359407 0.2040977029 0.1133690000 0.0663050000 0.0436260000 0.0277850000 0.1264949174 0.0235486702 0.0122130000 0.0455171278 0.0622499805 0.0681143528 0.0177386785 0.0225890678 0.0193632998 0.3703640000 0.2449060000 0.1840100000 0.1133690000 0.0663050000 0.0436260000 0.0277850000 0.0212850000 0.1878370000 0.1065920000 0.0885670000 0.0388690000 0.0146620000 0.0122130000 0.0039130000 0.0455171278 0.0547514384 0.0622499805 0.0681143528 0.0723697859 0.0715400598 0.0177386785 0.0225890678 0.0193632998 0.1604035188 0.0283266419 0.0085647748 0.0189809438 0.0254777770 0.0253526431 0.0179792321
0.7254690000 0.6969340000 0.6713960000 0.6515000000 0.6340410000 0.6210310000 0.1297976683 0.6484200916 0.6537188095 0.6575785012 0.6611139248 0.8396658333 0.7357493675 0.6969340000 0.6713960000 0.6515000000 0.6340410000 0.3993000500 0.1975893323 0.1326060000 0.6484200916 0.6575785012 0.6600034437 0.1488510475 0.1646783843 0.1796953041 0.8139880000 0.7566340000 0.7254690000 0.6969340000 0.6713960000 0.6515000000 0.6340410000 0.6210310000 0.5453060000 0.4129290000 0.3294550000 0.2412580000 0.1722590000 0.1326060000 0.1143600000 0.6484200916 0.6537188095 0.6575785012 0.6600034437 0.6611327324 0.6581553925 0.1488510475 0.1646783843 0.1796953041 0.5839217833 0.2987609542 0.2122824301 0.2336215811 0.2525946789 0.2671058059 0.2632351712
0.4490180000 0.3762080000 0.3171160000 0.2750490000 0.2473000000 0.2311060000 0.2545608618 0.2719163028 0.2829265594 0.2933661137 0.3142015536 0.6968158965 0.4740336160 0.3762080000 0.3171160000 0.2750490000 0.2473000000 0.4679407891 0.3217176525 0.2660210000 0.2719163028 0.2933661137 0.3033971292 0.2664156597 0.2837428421 0.3002542774 0.6460490000 0.5248530000 0.4490180000 0.3762080000 0.3171160000 0.2750490000 0.2473000000 0.2311060000 0.5623690000 0.4719990000 0.4204270000 0.3550310000 0.3023940000 0.2660210000 0.2383610000 0.2719163028 0.2829265594 0.2933661137 0.3033971292 0.3124107627 0.3166624525 0.2664156597 0.2837428421 0.3002542774 0.3074761239 0.0693297025 0.0264459149 0.0389793897 0.0544273261 0.0657240064 0.0632640087
0.8260670000 0.7936250000 0.7609690000 0.7353570000 0.7148070000 0.6968460000 0.3790160768 0.7328759024 0.7378364384 0.7415684305 0.7460503148 0.9025991466 0.8347145160 0.7936250000 0.7609690000 0.7353570000 0.7148070000 0.5439969923 0.4405988258 0.3960460000 0.7328759024 0.7415684305 0.7441668105 0.3973503145 0.4029329951 0.3938966967 0.8875280000 0.8522820000 0.8260670000 0.7936250000 0.7609690000 0.7353570000 0.7148070000 0.6968460000 0.6605810000 0.5478290000 0.4919680000 0.4584640000 0.4302360000 0.3960460000 0.3608090000 0.7328759024 0.7378364384 0.7415684305 0.7441668105 0.7458644988 0.7437885065 0.3973503145 0.4029329951 0.3938966967 0.8281982197 0.7251684033 0.6535584467 0.6657497116 0.6772431322 0.6812339879 0.6713554276
0.4790880000 0.4082830000 0.3484810000 0.3030710000 0.2709980000 0.2510480000 0.0795949772 0.3013908383 0.3120592622 0.3210167040 0.3351345703 0.7099455592 0.5028682566 0.4082830000 0.3484810000 0.3030710000 0.2709980000 0.3193833795 0.1420072080 0.0873300000 0.3013908383 0.3210167040 0.3284068095 0.0935032428 0.1112639361 0.1262448941 0.6629120000 0.5511780000 0.4790880000 0.4082830000 0.3484810000 0.3030710000 0.2709980000 0.2510480000 0.4491800000 0.3239260000 0.2561350000 0.1787660000 0.1206850000 0.0873300000 0.0651460000 0.3013908383 0.3120592622 0.3210167040 0.3284068095 0.3341798880 0.3335417530 0.0935032428 0.1112639361 0.1262448941 0.3556959559 0.0893961069 0.0368195682 0.0520080868 0.0688982706 0.0806710908 0.0764393350
0.4578460000 0.3863360000 0.3280420000 0.2864910000 0.2589490000 0.2428080000 0.2186059915 0.2844383918 0.2950771314 0.3048461190 0.3234538287 0.7012123981 0.4824479603 0.3863360000 0.3280420000 0.2864910000 0.2589490000 0.4383788557 0.2864022186 0.2299230000 0.2844383918 0.3048461190 0.3139205689 0.2309793232 0.2485786721 0.2648683484 0.6513930000 0.5324270000 0.4578460000 0.3863360000 0.3280420000 0.2864910000 0.2589490000 0.2428080000 0.5384710000 0.4422540000 0.3882870000 0.3206630000 0.2665290000 0.2299230000 0.2023280000 0.2844383918 0.2950771314 0.3048461190 0.3139205689 0.3219016791 0.3248619173 0.2309793232 0.2485786721 0.2648683484 0.3123691492 0.0706710520 0.0270686267 0.0398898303 0.0554445309 0.0666770552 0.0638679306
0.2956950000 0.2151160000 0.1530600000 0.1132020000 0.0874260000 0.0739060000 0.0516795859 0.1133684721 0.1249513186 0.1351040424 0.1523225103 0.5824343236 0.3226040641 0.2151160000 0.1530600000 0.1132020000 0.0874260000 0.2582807078 0.0999740035 0.0582930000 0.1133684721 0.1351040424 0.1439334266 0.0651357963 0.0786100833 0.0868401415 0.5167560000 0.3772700000 0.2956950000 0.2151160000 0.1530600000 0.1132020000 0.0874260000 0.0739060000 0.3697660000 0.2563740000 0.2015380000 0.1307520000 0.0821210000 0.0582930000 0.0404020000 0.1133684721 0.1249513186 0.1351040424 0.1439334266 0.1510850168 0.1520555210 0.0651357963 0.0786100833 0.0868401415 0.2293729070 0.0432208561 0.0136845407 0.0254349293 0.0357895161 0.0399355630 0.0332954594
0.9152880000 0.8973900000 0.8770370000 0.8501190000 0.8274430000 0.8135470000 0.6391185835 0.8425957946 0.8472027542 0.8515702746 0.8598055146 0.9542749703 0.9202340559 0.8973900000 0.8770370000 0.8501190000 0.8274430000 0.8117135421 0.7437080723 0.6571930000 0.8425957946 0.8515702746 0.8557007523 0.6514083524 0.6687746127 0.6819290842 0.9473350000 0.9302820000 0.9152880000 0.8973900000 0.8770370000 0.8501190000 0.8274430000 0.8135470000 0.8461970000 0.8059170000 0.7975150000 0.7784720000 0.7235430000 0.6571930000 0.6115750000 0.8425957946 0.8472027542 0.8515702746 0.8557007523 0.8592033534 0.8603631454 0.6514083524 0.6687746127 0.6819290842 0.9290211935 0.8551135700 0.7949804160 0.8039643950 0.8139156081 0.8227540761 0.8232827620
0.8281900000 0.7842020000 0.7408580000 0.6971050000 0.6646010000 0.6428720000 0.4804539185 0.6877031765 0.6959824769 0.7043997209 0.7223600343 0.9197591798 0.8408361880 0.7842020000 0.7408580000 0.6971050000 0.6646010000 0.7439401693 0.5876852593 0.4991490000 0.6877031765 0.7043997209 0.7129850805 0.4969297792 0.5192730860 0.5402964936 0.9063900000 0.8665270000 0.8281900000 0.7842020000 0.7408580000 0.6971050000 0.6646010000 0.6428720000 0.8252810000 0.7587280000 0.7041460000 0.6335260000 0.5610950000 0.4991490000 0.4551540000 0.6877031765 0.6959824769 0.7043997209 0.7129850805 0.7208238081 0.7252475930 0.4969297792 0.5192730860 0.5402964936 0.8484981460 0.6949307021 0.6045673554 0.6176008462 0.6361899847 0.6533573002 0.6564366273
0.4523940000 0.3791870000 0.3184400000 0.2738520000 0.2433660000 0.2250150000 0.1238146447 0.2728013667 0.2835915518 0.2928652401 0.3084371671 0.6960263582 0.4772743697 0.3791870000 0.3184400000 0.2738520000 0.2433660000 0.3573685965 0.1896882706 0.1335500000 0.2728013667 0.2928652401 0.3007967905 0.1374284363 0.1551776228 0.1702298464 0.6462360000 0.5278190000 0.4523940000 0.3791870000 0.3184400000 0.2738520000 0.2433660000 0.2250150000 0.4745000000 0.3611780000 0.2995440000 0.2257300000 0.1687820000 0.1335500000 0.1082670000 0.2728013667 0.2835915518 0.2928652401 0.3007967905 0.3072847749 0.3077066609 0.1374284363 0.1551776228 0.1702298464 0.3197491262 0.0717550113 0.0270018338 0.0406904861 0.0561175538 0.0665489748 0.0623718519
0.8369800000 0.8174330000 0.7947770000 0.7781600000 0.7709480000 0.7693110000 0.3451302613 0.7860851280 0.7878695881 0.7882927175 0.7859741037 0.8990839481 0.8422443795 0.8174330000 0.7947770000 0.7781600000 0.7709480000 0.4880866979 0.3648276424 0.3558260000 0.7860851280 0.7882927175 0.7875184961 0.3624140909 0.3624151897 0.3483245688 0.8837150000 0.8529390000 0.8369800000 0.8174330000 0.7947770000 0.7781600000 0.7709480000 0.7693110000 0.6216970000 0.4965680000 0.4270190000 0.3786860000 0.3567890000 0.3558260000 0.3433180000 0.7860851280 0.7878695881 0.7882927175 0.7875184961 0.7863137932 0.7824900016 0.3624140909 0.3624151897 0.3483245688 0.7964350841 0.6987334384 0.6971491416 0.7163449989 0.7052644934 0.6849187047 0.6600650012
0.5952480000 0.5478830000 0.5109690000 0.4887120000 0.4750220000 0.4676140000 0.1755232647 0.4943014182 0.4999352768 0.5036866628 0.5069470647 0.7738342437 0.6126119746 0.5478830000 0.5109690000 0.4887120000 0.4750220000 0.4183201839 0.2494128177 0.1868550000 0.4943014182 0.5036866628 0.5057597151 0.1866850797 0.2084413804 0.2310936790 0.7364240000 0.6478870000 0.5952480000 0.5478830000 0.5109690000 0.4887120000 0.4750220000 0.4676140000 0.5353700000 0.4246530000 0.3612800000 0.2872760000 0.2274500000 0.1868550000 0.1579530000 0.4943014182 0.4999352768 0.5036866628 0.5057597151 0.5068517193 0.5035406453 0.1866850797 0.2084413804 0.2310936790 0.4161293305 0.1247647629 0.0597233306 0.0750346072 0.0959585036 0.1135362632 0.1133956489
0.9261800000 0.9214980000 0.9200550000 0.9233910000 0.9180250000 0.9094530000 0.7308592663 0.9199079051 0.9206339254 0.9202685725 0.9162461208 0.9482828587 0.9274008452 0.9214980000 0.9200550000 0.9233910000 0.9180250000 0.7120187348 0.7306842943 0.7403240000 0.9199079051 0.9202685725 0.9188328763 0.7376109769 0.7298270872 0.7045733060 0.9409890000 0.9298810000 0.9261800000 0.9214980000 0.9200550000 0.9233910000 0.9180250000 0.9094530000 0.7646120000 0.6982160000 0.6926610000 0.7189170000 0.7375100000 0.7403240000 0.7305110000 0.9199079051 0.9206339254 0.9202685725 0.9188328763 0.9168135713 0.9131457677 0.7376109769 0.7298270872 0.7045733060 0.9419827844 0.9566828762 0.9233365646 0.9217117732 0.9292477538 0.9344217478 0.9341483826
0.4551770000 0.3835120000 0.3254630000 0.2843090000 0.2572180000 0.2414440000 0.2604106863 0.2812770383 0.2921009924 0.3023694729 0.3229173768 0.7001094627 0.4798531808 0.3835120000 0.3254630000 0.2843090000 0.2572180000 0.4703120765 0.3260419099 0.2715880000 0.2812770383 0.3023694729 0.3122474005 0.2719031480 0.2890613300 0.3055796613 0.6498650000 0.5299830000 0.4551770000 0.3835120000 0.3254630000 0.2843090000 0.2572180000 0.2414440000 0.5639530000 0.4740980000 0.4232320000 0.3587730000 0.3070560000 0.2715880000 0.2445920000 0.2812770383 0.2921009924 0.3023694729 0.3122474005 0.3211437545 0.3254058456 0.2719031480 0.2890613300 0.3055796613 0.3104873382 0.0706480902 0.0272014243 0.0397430459 0.0554012016 0.0670041775 0.0647579995
0.0760320000 0.0223400000 0.0075290000 0.0091820000 0.0009750000 0.0003240000 0.0040839626 0.0104368410 0.0146305402 0.0161979144 0.0120436862 0.2152626436 0.0770041240 0.0223400000 0.0075290000 0.0091820000 0.0009750000 0.0934400661 0.0089839225 0.0088740000 0.0104368410 0.0161979144 0.0152655041 0.0120552269 0.0138505844 0.0080480831 0.1165480000 0.0789790000 0.0760320000 0.0223400000 0.0075290000 0.0091820000 0.0009750000 0.0003240000 0.0876350000 0.0746010000 0.0735540000 0.0134730000 0.0063800000 0.0088740000 0.0004020000 0.0104368410 0.0146305402 0.0161979144 0.0152655041 0.0128683031 0.0077257872 0.0120552269 0.0138505844 0.0080480831 0.0795686893 0.0099287852 0.0040781626 0.0123150389 0.0141683373 0.0099409781 0.0032031817
0.5997900000 0.5504570000 0.5100490000 0.4824610000 0.4633600000 0.4513530000 0.1302673791 0.4856000306 0.4921200074 0.4966432989 0.5009191166 0.7770120625 0.6173815842 0.5504570000 0.5100490000 0.4824610000 0.4633600000 0.3903924535 0.2076739097 0.1410060000 0.4856000306 0.4966432989 0.4993410402 0.1431635567 0.1653782882 0.1879534901 0.7403970000 0.6531190000 0.5997900000 0.5504570000 0.5100490000 0.4824610000 0.4633600000 0.4513530000 0.5182390000 0.3984790000 0.3283850000 0.2484180000 0.1840400000 0.1410060000 0.1119010000 0.4856000306 0.4921200074 0.4966432989 0.4993410402 0.5008070998 0.4971768749 0.1431635567 0.1653782882 0.1879534901 0.4342062750 0.1372860450 0.0679333021 0.0845038128 0.1055618939 0.1227783655 0.1216258837
0.0812060000 0.0289530000 0.0100560000 0.0099160000 0.0018550000 0.0008090000 0.0041863269 0.0115194763 0.0162998783 0.0184626151 0.0156320389 0.2460481519 0.0846307000 0.0289530000 0.0100560000 0.0099160000 0.0018550000 0.0950049151 0.0100271262 0.0089300000 0.0115194763 0.0184626151 0.0181466395 0.0123507701 0.0143199296 0.0085817004 0.1489680000 0.0915880000 0.0812060000 0.0289530000 0.0100560000 0.0099160000 0.0018550000 0.0008090000 0.0948650000 0.0753260000 0.0741310000 0.0159440000 0.0065950000 0.0089300000 0.0005590000 0.0115194763 0.0162998783 0.0184626151 0.0181466395 0.0163392567 0.0114246694 0.0123507701 0.0143199296 0.0085817004 0.0873266605 0.0121549585 0.0044251877 0.0129642458 0.0153146753 0.0114343149 0.0045200798
0.5616450000 0.5078810000 0.4651630000 0.4375790000 0.4201070000 0.4103400000 0.1982565198 0.4416221622 0.4484545236 0.4535891766 0.4603647175 0.7568784186 0.5809505835 0.5078810000 0.4651630000 0.4375790000 0.4201070000 0.4266068589 0.2668095795 0.2090100000 0.4416221622 0.4535891766 0.4572451261 0.2093406527 0.2291570137 0.2491085769 0.7164950000 0.6201700000 0.5616450000 0.5078810000 0.4651630000 0.4375790000 0.4201070000 0.4103400000 0.5372720000 0.4315690000 0.3724070000 0.3022950000 0.2462260000 0.2090100000 0.1819920000 0.4416221622 0.4484545236 0.4535891766 0.4572451261 0.4599247736 0.4580292583 0.2093406527 0.2291570137 0.2491085769 0.3860319736 0.1054687159 0.0469996229 0.0615101656 0.0810833099 0.0971321007 0.0963957741
0.4384930000 0.3641350000 0.3037750000 0.2607200000 0.2323030000 0.2157270000 0.2467715834 0.2573626008 0.2686437906 0.2793705509 0.3008182775 0.6907669643 0.4639786793 0.3641350000 0.3037750000 0.2607200000 0.2323030000 0.4645052528 0.3157241846 0.2585400000 0.2573626008 0.2793705509 0.2897004253 0.2589811612 0.2766025887 0.2932713301 0.6390520000 0.5157530000 0.4384930000 0.3641350000 0.3037750000 0.2607200000 0.2323030000 0.2157270000 0.5599610000 0.4689290000 0.4164070000 0.3497470000 0.2959890000 0.2585400000 0.2301170000 0.2573626008 0.2686437906 0.2793705509 0.2897004253 0.2989785813 0.3033833235 0.2589811612 0.2766025887 0.2932713301 0.3023358522 0.0673298791 0.0253654745 0.0378370720 0.0529628048 0.0638268019 0.0611215700
0.3417290000 0.2599380000 0.1950770000 0.1509340000 0.1222330000 0.1064220000 0.0938914937 0.1500460691 0.1620141129 0.1727456051 0.1918770955 0.6236791946 0.3694346977 0.2599380000 0.1950770000 0.1509340000 0.1222330000 0.3237026235 0.1563477846 0.1029880000 0.1500460691 0.1727456051 0.1823650515 0.1083333485 0.1246093760 0.1367642317 0.5630020000 0.4257190000 0.3417290000 0.2599380000 0.1950770000 0.1509340000 0.1222330000 0.1064220000 0.4371400000 0.3262870000 0.2664760000 0.1915560000 0.1359250000 0.1029880000 0.0790620000 0.1500460691 0.1620141129 0.1727456051 0.1823650515 0.1904162525 0.1922949827 0.1083333485 0.1246093760 0.1367642317 0.2522265197 0.0490562369 0.0160723943 0.0281835036 0.0399000980 0.0458091302 0.0399111550
0.6600740000 0.6238150000 0.5957460000 0.5797280000 0.5689370000 0.5622270000 0.1310645222 0.5842617786 0.5887149292 0.5912416043 0.5912797128 0.8063682865 0.6737530079 0.6238150000 0.5957460000 0.5797280000 0.5689370000 0.4042498851 0.2140549640 0.1418990000 0.5842617786 0.5912416043 0.5919585750 0.1444215701 0.1679625797 0.1932425448 0.7747330000 0.7015420000 0.6600740000 0.6238150000 0.5957460000 0.5797280000 0.5689370000 0.5622270000 0.5358790000 0.4142650000 0.3406260000 0.2573420000 0.1889460000 0.1418990000 0.1112140000 0.5842617786 0.5887149292 0.5912416043 0.5919585750 0.5915530171 0.5869327956 0.1444215701 0.1679625797 0.1932425448 0.4874087944 0.1835967752 0.1040888952 0.1216473529 0.1443148822 0.1636126627 0.1636947814
0.8319430000 0.8142840000 0.7931910000 0.7762950000 0.7677140000 0.7661090000 0.3151310364 0.7825633996 0.7845772092 0.7853342441 0.7839134792 0.8947783084 0.8369141259 0.8142840000 0.7931910000 0.7762950000 0.7677140000 0.4702453945 0.3312349957 0.3210810000 0.7825633996 0.7853342441 0.7849822753 0.3335222937 0.3333061131 0.3204226287 0.8787050000 0.8470130000 0.8319430000 0.8142840000 0.7931910000 0.7762950000 0.7677140000 0.7661090000 0.6090020000 0.4805950000 0.4062160000 0.3492470000 0.3207870000 0.3210810000 0.3157980000 0.7825633996 0.7845772092 0.7853342441 0.7849822753 0.7841790181 0.7808500598 0.3335222937 0.3333061131 0.3204226287 0.7739427107 0.6519685927 0.6462141030 0.6681391650 0.6569435283 0.6370659235 0.6125336689
0.4437320000 0.3702450000 0.3106820000 0.2683040000 0.2403820000 0.2241140000 0.2577662035 0.2648895005 0.2760495094 0.2867061496 0.3081701540 0.6937833444 0.4689580724 0.3702450000 0.3106820000 0.2683040000 0.2403820000 0.4715728264 0.3254377442 0.2693550000 0.2648895005 0.2867061496 0.2970172451 0.2695856694 0.2870380008 0.3037664998 0.6424980000 0.5202050000 0.4437320000 0.3702450000 0.3106820000 0.2683040000 0.2403820000 0.2241140000 0.5653540000 0.4757740000 0.4243060000 0.3588340000 0.3060660000 0.2693550000 0.2414190000 0.2648895005 0.2760495094 0.2867061496 0.2970172451 0.3063168358 0.3108790746 0.2695856694 0.2870380008 0.3037664998 0.3048021010 0.0685218864 0.0260743806 0.0385287316 0.0538453218 0.0650087226 0.0625386699
0.8375480000 0.8068330000 0.7772290000 0.7529950000 0.7304240000 0.7108250000 0.4176016875 0.7467687830 0.7520670798 0.7563854035 0.7626234124 0.9095079120 0.8458141874 0.8068330000 0.7772290000 0.7529950000 0.7304240000 0.5802695538 0.4877329489 0.4350320000 0.7467687830 0.7563854035 0.7597845881 0.4345491757 0.4423219758 0.4363799574 0.8954990000 0.8626070000 0.8375480000 0.8068330000 0.7772290000 0.7529950000 0.7304240000 0.7108250000 0.6844950000 0.5814280000 0.5343330000 0.5072430000 0.4764160000 0.4350320000 0.3978130000 0.7467687830 0.7520670798 0.7563854035 0.7597845881 0.7622749723 0.7612696645 0.4345491757 0.4423219758 0.4363799574 0.8456911751 0.7483300002 0.6666998890 0.6764200704 0.6919774071 0.7020986043 0.6980031715
0.8456230000 0.8308130000 0.8129670000 0.8007730000 0.7971140000 0.7990350000 0.3502939139 0.8097218828 0.8107216271 0.8104258836 0.8067950372 0.9013022716 0.8496988614 0.8308130000 0.8129670000 0.8007730000 0.7971140000 0.4862490361 0.3612353178 0.3575510000 0.8097218828 0.8104258836 0.8089931336 0.3675306065 0.3659618357 0.3507443438 0.8863470000 0.8579790000 0.8456230000 0.8308130000 0.8129670000 0.8007730000 0.7971140000 0.7990350000 0.6202310000 0.4950940000 0.4248430000 0.3748690000 0.3533270000 0.3575510000 0.3517340000 0.8097218828 0.8107216271 0.8104258836 0.8089931336 0.8072332132 0.8033345978 0.3675306065 0.3659618357 0.3507443438 0.7949041842 0.7003569684 0.7115773743 0.7311386416 0.7166389664 0.6931506014 0.6671219919
0.7646950000 0.7070070000 0.6505900000 0.5942810000 0.5523140000 0.5252520000 0.3450616854 0.5840870986 0.5945680860 0.6047581131 0.6251060340 0.8874007178 0.7812702578 0.7070070000 0.6505900000 0.5942810000 0.5523140000 0.6485848371 0.4714306321 0.3634220000 0.5840870986 0.6047581131 0.6146970135 0.3663588009 0.3905274527 0.4098731419 0.8689040000 0.8149430000 0.7646950000 0.7070070000 0.6505900000 0.5942810000 0.5523140000 0.5252520000 0.7489960000 0.6612520000 0.6009000000 0.5261470000 0.4396920000 0.3634220000 0.3147450000 0.5840870986 0.5945680860 0.6047581131 0.6146970135 0.6234590313 0.6271704093 0.3663588009 0.3905274527 0.4098731419 0.7928283723 0.5938762495 0.4787645430 0.4974148337 0.5194145068 0.5385037426 0.5393216651
0.6948760000 0.6630620000 0.6369680000 0.6198040000 0.6060860000 0.5961950000 0.1198735768 0.6205150994 0.6253102769 0.6283850495 0.6297347633 0.8240593875 0.7067252245 0.6630620000 0.6369680000 0.6198040000 0.6060860000 0.3989633187 0.1994060452 0.1273890000 0.6205150994 0.6283850495 0.6297874504 0.1360658727 0.1569657412 0.1788545975 0.7955960000 0.7307970000 0.6948760000 0.6630620000 0.6369680000 0.6198040000 0.6060860000 0.5961950000 0.5390410000 0.4111500000 0.3315920000 0.2442310000 0.1734050000 0.1273890000 0.1010130000 0.6205150994 0.6253102769 0.6283850495 0.6297874504 0.6299361165 0.6258692522 0.1360658727 0.1569657412 0.1788545975 0.5361882256 0.2363284935 0.1504823416 0.1699008540 0.1917746627 0.2098543414 0.2086198813
0.0770030000 0.0243680000 0.0080590000 0.0093090000 0.0011840000 0.0004160000 0.0041415698 0.0106745557 0.0150382309 0.0167512589 0.0128708895 0.2234698569 0.0784659690 0.0243680000 0.0080590000 0.0093090000 0.0011840000 0.0941646432 0.0093084400 0.0089050000 0.0106745557 0.0167512589 0.0159495807 0.0121555729 0.0140276011 0.0082799342 0.1252990000 0.0814380000 0.0770030000 0.0243680000 0.0080590000 0.0093090000 0.0011840000 0.0004160000 0.0902230000 0.0752410000 0.0738070000 0.0141070000 0.0065250000 0.0089050000 0.0004650000 0.0106745557 0.0150382309 0.0167512589 0.0159495807 0.0136755792 0.0085458969 0.0121555729 0.0140276011 0.0082799342 0.0811471917 0.0105217129 0.0041372373 0.0124834483 0.0144372648 0.0102613985 0.0034730580
0.1282020000 0.0691310000 0.0322020000 0.0205180000 0.0102060000 0.0068760000 0.0096740186 0.0232589086 0.0308169376 0.0361601876 0.0412100465 0.3830377089 0.1435023141 0.0691310000 0.0322020000 0.0205180000 0.0102060000 0.1393707898 0.0275574619 0.0139520000 0.0232589086 0.0361601876 0.0394378166 0.0197465736 0.0254844186 0.0237605939 0.2954240000 0.1745850000 0.1282020000 0.0691310000 0.0322020000 0.0205180000 0.0102060000 0.0068760000 0.2014160000 0.1233070000 0.0998420000 0.0437670000 0.0181550000 0.0139520000 0.0048170000 0.0232589086 0.0308169376 0.0361601876 0.0394378166 0.0411628023 0.0383706222 0.0197465736 0.0254844186 0.0237605939 0.1274527153 0.0223652828 0.0063284923 0.0161445415 0.0209705676 0.0190604327 0.0115567552
0.0952470000 0.0438470000 0.0163870000 0.0122250000 0.0040210000 0.0021830000 0.0055189747 0.0146019309 0.0205920877 0.0239816940 0.0238463768 0.3071809258 0.1036108286 0.0438470000 0.0163870000 0.0122250000 0.0040210000 0.1098933810 0.0160208739 0.0099670000 0.0146019309 0.0239816940 0.0249318777 0.0144903666 0.0178295397 0.0132757658 0.2140670000 0.1206020000 0.0952470000 0.0438470000 0.0163870000 0.0122250000 0.0040210000 0.0021830000 0.1392450000 0.0898470000 0.0809010000 0.0268420000 0.0097440000 0.0099670000 0.0016580000 0.0146019309 0.0205920877 0.0239816940 0.0249318777 0.0243232826 0.0198518231 0.0144903666 0.0178295397 0.0132757658 0.1024944492 0.0169227030 0.0050692366 0.0143577496 0.0176673801 0.0143722096 0.0070528286
0.4286790000 0.3440250000 0.2730140000 0.2184260000 0.1821590000 0.1613960000 0.0325630497 0.2139655695 0.2269865574 0.2393115417 0.2628281042 0.6744026598 0.4547297449 0.3440250000 0.2730140000 0.2184260000 0.1821590000 0.2269288573 0.0698436351 0.0379620000 0.2139655695 0.2393115417 0.2509768970 0.0458164351 0.0571640461 0.0604178946 0.6231660000 0.5076520000 0.4286790000 0.3440250000 0.2730140000 0.2184260000 0.1821590000 0.1613960000 0.3699640000 0.2255620000 0.1590800000 0.0953560000 0.0550450000 0.0379620000 0.0241740000 0.2139655695 0.2269865574 0.2393115417 0.2509768970 0.2609845144 0.2646524004 0.0458164351 0.0571640461 0.0604178946 0.4047665194 0.1404114044 0.0717327301 0.0896187270 0.1075710793 0.1196365328 0.1145186529
0.4878540000 0.4205040000 0.3654670000 0.3264270000 0.3004950000 0.2852110000 0.2179853272 0.3259872041 0.3356915479 0.3442135032 0.3594228469 0.7182187100 0.5111777179 0.4205040000 0.3654670000 0.3264270000 0.3004950000 0.4359849543 0.2838174583 0.2287240000 0.3259872041 0.3442135032 0.3517502018 0.2301568211 0.2475716158 0.2637302042 0.6712680000 0.5585600000 0.4878540000 0.4205040000 0.3654670000 0.3264270000 0.3004950000 0.2852110000 0.5387910000 0.4398990000 0.3849720000 0.3177080000 0.2641590000 0.2287240000 0.2022880000 0.3259872041 0.3356915479 0.3442135032 0.3517502018 0.3581978397 0.3595925178 0.2301568211 0.2475716158 0.2637302042 0.3332650152 0.0786488807 0.0311309892 0.0444339533 0.0611665279 0.0738109858 0.0715588374
0.6028160000 0.5573450000 0.5224310000 0.5023390000 0.4904530000 0.4843930000 0.1779162762 0.5085521613 0.5137884564 0.5171466437 0.5195914617 0.7774172384 0.6196502049 0.5573450000 0.5224310000 0.5023390000 0.4904530000 0.4212913570 0.2522945938 0.1893530000 0.5085521613 0.5171466437 0.5188274486 0.1888566624 0.2109253730 0.2341866331 0.7406100000 0.6538490000 0.6028160000 0.5573450000 0.5224310000 0.5023390000 0.4904530000 0.4843930000 0.5382720000 0.4277400000 0.3643090000 0.2902660000 0.2302690000 0.1893530000 0.1602180000 0.5085521613 0.5137884564 0.5171466437 0.5188274486 0.5195639020 0.5160750619 0.1888566624 0.2109253730 0.2341866331 0.4219223075 0.1290497908 0.0627560273 0.0780833894 0.0993519259 0.1174104132 0.1176236070
0.2363150000 0.1603150000 0.1071190000 0.0763910000 0.0552790000 0.0452390000 0.0086592339 0.0752252574 0.0856367928 0.0950423786 0.1119504193 0.4969520367 0.2578181708 0.1603150000 0.1071190000 0.0763910000 0.0552790000 0.1253614782 0.0241644948 0.0128290000 0.0752252574 0.0950423786 0.1035408670 0.0181475420 0.0230158021 0.0198615469 0.4224880000 0.3015020000 0.2363150000 0.1603150000 0.1071190000 0.0763910000 0.0552790000 0.0452390000 0.1845090000 0.1048100000 0.0881320000 0.0391880000 0.0154500000 0.0128290000 0.0044760000 0.0752252574 0.0856367928 0.0950423786 0.1035408670 0.1106716887 0.1130323272 0.0181475420 0.0230158021 0.0198615469 0.1860916479 0.0350551508 0.0113597626 0.0221977080 0.0302315325 0.0321883559 0.0257911113
0.6107690000 0.5336700000 0.4649750000 0.4057570000 0.3626410000 0.3348290000 0.1118387498 0.3971173469 0.4096336537 0.4215714294 0.4447218073 0.7980828576 0.6336612492 0.5336700000 0.4649750000 0.4057570000 0.3626410000 0.3836313910 0.1962114029 0.1215350000 0.3971173469 0.4215714294 0.4329797073 0.1309990788 0.1495763078 0.1597687299 0.7654400000 0.6801670000 0.6107690000 0.5336700000 0.4649750000 0.4057570000 0.3626410000 0.3348290000 0.5358510000 0.3936080000 0.3128530000 0.2379890000 0.1719780000 0.1215350000 0.0913160000 0.3971173469 0.4096336537 0.4215714294 0.4329797073 0.4428779643 0.4466063291 0.1309990788 0.1495763078 0.1597687299 0.6221810810 0.3609769057 0.2436863559 0.2646530633 0.2896184144 0.3092459503 0.3071330959
0.3573040000 0.2760610000 0.2105960000 0.1642070000 0.1331040000 0.1156120000 0.0376889150 0.1634090774 0.1754049682 0.1857595578 0.2026587658 0.6279569746 0.3841424721 0.2760610000 0.2105960000 0.1642070000 0.1331040000 0.2409864345 0.0807711869 0.0427680000 0.1634090774 0.1857595578 0.1945662435 0.0509866375 0.0637504383 0.0710422815 0.5692730000 0.4386650000 0.3573040000 0.2760610000 0.2105960000 0.1642070000 0.1331040000 0.1156120000 0.3640780000 0.2389320000 0.1802440000 0.1106720000 0.0634270000 0.0427680000 0.0280570000 0.1634090774 0.1754049682 0.1857595578 0.1945662435 0.2015066032 0.2016206109 0.0509866375 0.0637504383 0.0710422815 0.2814849413 0.0587148266 0.0206750811 0.0341478271 0.0468954097 0.0534733580 0.0469521929
0.0970890000 0.0450690000 0.0171850000 0.0126570000 0.0043170000 0.0024130000 0.0056395028 0.0149923195 0.0210496987 0.0245580969 0.0248463715 0.3106919191 0.1058067781 0.0450690000 0.0171850000 0.0126570000 0.0043170000 0.1108823143 0.0164168199 0.0100780000 0.0149923195 0.0245580969 0.0256808381 0.0146365419 0.0180751073 0.0136664642 0.2176970000 0.1235170000 0.0970890000 0.0450690000 0.0171850000 0.0126570000 0.0043170000 0.0024130000 0.1417350000 0.0909050000 0.0814480000 0.0274930000 0.0099920000 0.0100780000 0.0017560000 0.0149923195 0.0210496987 0.0245580969 0.0256808381 0.0252715808 0.0210137377 0.0146365419 0.0180751073 0.0136664642 0.1045616482 0.0173530792 0.0051775828 0.0144890159 0.0179332598 0.0147863303 0.0074725654
0.6606000000 0.6187660000 0.5820280000 0.5533890000 0.5306530000 0.5146070000 0.1003328245 0.5511604073 0.5580202164 0.5632048782 0.5690910938 0.8083576365 0.6751165453 0.6187660000 0.5820280000 0.5533890000 0.5306530000 0.3749739283 0.1743383341 0.1066080000 0.5511604073 0.5632048782 0.5667715812 0.1171340116 0.1364974593 0.1554581176 0.7773450000 0.7046070000 0.6606000000 0.6187660000 0.5820280000 0.5533890000 0.5306530000 0.5146070000 0.5192090000 0.3868760000 0.3057120000 0.2180570000 0.1489790000 0.1066080000 0.0831160000 0.5511604073 0.5580202164 0.5632048782 0.5667715812 0.5689059301 0.5659955401 0.1171340116 0.1364974593 0.1554581176 0.5168349263 0.2154210463 0.1308096788 0.1506695670 0.1720591370 0.1890860076 0.1866523377
0.5555320000 0.5000240000 0.4554040000 0.4257390000 0.4065160000 0.3954440000 0.1891010688 0.4292925908 0.4364858144 0.4419390656 0.4492298970 0.7539461632 0.5753003897 0.5000240000 0.4554040000 0.4257390000 0.4065160000 0.4206286676 0.2585289017 0.1999230000 0.4292925908 0.4419390656 0.4458700778 0.2005850343 0.2204421018 0.2401672554 0.7131280000 0.6154600000 0.5555320000 0.5000240000 0.4554040000 0.4257390000 0.4065160000 0.3954440000 0.5329220000 0.4258160000 0.3656460000 0.2945200000 0.2376520000 0.1999230000 0.1726350000 0.4292925908 0.4364858144 0.4419390656 0.4458700778 0.4487598190 0.4468342507 0.2005850343 0.2204421018 0.2401672554 0.3841782795 0.1041833566 0.0460783392 0.0606746898 0.0800622649 0.0957952236 0.0947591837
0.0791400000 0.0267760000 0.0091240000 0.0096050000 0.0015430000 0.0006170000 0.0041306689 0.0111148440 0.0157087039 0.0176633414 0.0143109772 0.2359711434 0.0816941757 0.0267760000 0.0091240000 0.0096050000 0.0015430000 0.0942829757 0.0096137543 0.0088980000 0.0111148440 0.0176633414 0.0171134250 0.0122341170 0.0141207207 0.0083291203 0.1384050000 0.0868830000 0.0791400000 0.0267760000 0.0091240000 0.0096050000 0.0015430000 0.0006170000 0.0919490000 0.0748180000 0.0738860000 0.0150490000 0.0064610000 0.0088980000 0.0004930000 0.0111148440 0.0157087039 0.0176633414 0.0171134250 0.0150694474 0.0100199347 0.0122341170 0.0141207207 0.0083291203 0.0844561824 0.0113558281 0.0042930655 0.0127320724 0.0148969114 0.0108693441 0.0040037687
0.9733860000 0.9754720000 0.9755460000 0.9664030000 0.9553390000 0.9499800000 0.8692319474 0.9602634773 0.9618465506 0.9632709277 0.9653944274 0.9771175235 0.9729891676 0.9754720000 0.9755460000 0.9664030000 0.9553390000 0.9049832806 0.9312091919 0.8830140000 0.9602634773 0.9632709277 0.9644944890 0.8702254153 0.8801961595 0.8869977772 0.9742830000 0.9721830000 0.9733860000 0.9754720000 0.9755460000 0.9664030000 0.9553390000 0.9499800000 0.8944130000 0.8843090000 0.9140930000 0.9417240000 0.9251100000 0.8830140000 0.8496080000 0.9602634773 0.9618465506 0.9632709277 0.9644944890 0.9653305062 0.9652939871 0.8702254153 0.8801961595 0.8869977772 0.9844795783 0.9784443599 0.9654434661 0.9678296745 0.9690241539 0.9702042208 0.9701901949
0.8934320000 0.8843520000 0.8760560000 0.8785830000 0.8824040000 0.8810120000 0.5578506610 0.8854552043 0.8852322676 0.8836134932 0.8764641700 0.9283130000 0.8956312367 0.8843520000 0.8760560000 0.8785830000 0.8824040000 0.5935553175 0.5506489514 0.5625780000 0.8854552043 0.8836134932 0.8806762447 0.5720320090 0.5611909038 0.5326973175 0.9178350000 0.9000990000 0.8934320000 0.8843520000 0.8760560000 0.8785830000 0.8824040000 0.8810120000 0.6907040000 0.5911680000 0.5517670000 0.5451270000 0.5538520000 0.5625780000 0.5566580000 0.8854552043 0.8852322676 0.8836134932 0.8806762447 0.8772748027 0.8721142477 0.5720320090 0.5611909038 0.5326973175 0.8885244044 0.8937320593 0.9044769263 0.9055446823 0.9021697104 0.8905449005 0.8751511071
0.1315510000 0.0708000000 0.0342310000 0.0220650000 0.0112190000 0.0077490000 0.0065131059 0.0246916419 0.0322162419 0.0375532117 0.0425790518 0.3785579544 0.1464637180 0.0708000000 0.0342310000 0.0220650000 0.0112190000 0.1183300872 0.0199243287 0.0107630000 0.0246916419 0.0375532117 0.0408354736 0.0159309327 0.0200991440 0.0162285924 0.2912150000 0.1767590000 0.1315510000 0.0708000000 0.0342310000 0.0220650000 0.0112190000 0.0077490000 0.1669010000 0.0976470000 0.0843830000 0.0338580000 0.0118420000 0.0107630000 0.0026020000 0.0246916419 0.0322162419 0.0375532117 0.0408354736 0.0425392618 0.0397481931 0.0159309327 0.0200991440 0.0162285924 0.1328598917 0.0227717282 0.0067307980 0.0165600341 0.0215891849 0.0199593784 0.0125241222
0.7948010000 0.7709830000 0.7440680000 0.7189660000 0.7004230000 0.6903850000 0.2310911440 0.7180490026 0.7225036032 0.7258601119 0.7298801630 0.8763860968 0.8019624561 0.7709830000 0.7440680000 0.7189660000 0.7004230000 0.4311446633 0.2603860383 0.2326790000 0.7180490026 0.7258601119 0.7282042058 0.2517554813 0.2551684967 0.2492841456 0.8571500000 0.8165110000 0.7948010000 0.7709830000 0.7440680000 0.7189660000 0.7004230000 0.6903850000 0.5794640000 0.4443680000 0.3617060000 0.2889850000 0.2437970000 0.2326790000 0.2284130000 0.7180490026 0.7225036032 0.7258601119 0.7282042058 0.7297331772 0.7279351452 0.2517554813 0.2551684967 0.2492841456 0.7136230307 0.5227021998 0.4748032397 0.4994288647 0.4997179594 0.4926015486 0.4749106071
0.0768940000 0.0233790000 0.0080050000 0.0093030000 0.0011370000 0.0004110000 0.0040709530 0.0106116500 0.0149079287 0.0165899520 0.0127067904 0.2210560583 0.0783850079 0.0233790000 0.0080050000 0.0093030000 0.0011370000 0.0934710191 0.0091770268 0.0088670000 0.0106116500 0.0165899520 0.0157832560 0.0121005173 0.0139023354 0.0080743732 0.1225390000 0.0814140000 0.0768940000 0.0233790000 0.0080050000 0.0093030000 0.0011370000 0.0004110000 0.0886780000 0.0742500000 0.0735920000 0.0140990000 0.0063220000 0.0088670000 0.0004140000 0.0106116500 0.0149079287 0.0165899520 0.0157832560 0.0135051833 0.0084180001 0.0121005173 0.0139023354 0.0080743732 0.0816351785 0.0104564477 0.0041754529 0.0124645005 0.0144546510 0.0103319064 0.0035499067
0.4449650000 0.3718400000 0.3126590000 0.2706430000 0.2429950000 0.2269140000 0.2619765999 0.2671174121 0.2782466755 0.2889171504 0.3105457103 0.6943567375 0.4700871637 0.3718400000 0.3126590000 0.2706430000 0.2429950000 0.4740331265 0.3290397084 0.2734750000 0.2671174121 0.2889171504 0.2992864206 0.2735431904 0.2909931410 0.3078797989 0.6431420000 0.5211230000 0.4449650000 0.3718400000 0.3126590000 0.2706430000 0.2429950000 0.2269140000 0.5670700000 0.4781130000 0.4271230000 0.3621480000 0.3098350000 0.2734750000 0.2457710000 0.2671174121 0.2782466755 0.2889171504 0.2992864206 0.3086693643 0.3134074343 0.2735431904 0.2909931410 0.3078797989 0.3050679604 0.0687697735 0.0262521965 0.0386787041 0.0540344141 0.0652781288 0.0628998428
0.4674810000 0.3959670000 0.3362910000 0.2919740000 0.2612350000 0.2424650000 0.1002892543 0.2909119920 0.3014877380 0.3104257769 0.3248533014 0.7033893179 0.4916415955 0.3959670000 0.3362910000 0.2919740000 0.2612350000 0.3388200374 0.1652479386 0.1092070000 0.2909119920 0.3104257769 0.3178886386 0.1138684509 0.1320771202 0.1477499059 0.6551190000 0.5407240000 0.4674810000 0.3959670000 0.3362910000 0.2919740000 0.2612350000 0.2424650000 0.4632690000 0.3432210000 0.2778890000 0.2019080000 0.1439830000 0.1092070000 0.0850960000 0.2909119920 0.3014877380 0.3104257769 0.3178886386 0.3238356971 0.3235852379 0.1138684509 0.1320771202 0.1477499059 0.3424725324 0.0824946367 0.0328677515 0.0473420523 0.0638530118 0.0754439567 0.0715573360
0.3348080000 0.2534160000 0.1893370000 0.1462500000 0.1183310000 0.1030420000 0.1038987121 0.1447224761 0.1567090765 0.1676899701 0.1880425659 0.6178596129 0.3623266620 0.2534160000 0.1893370000 0.1462500000 0.1183310000 0.3361442336 0.1685218125 0.1135140000 0.1447224761 0.1676899701 0.1777885292 0.1180695181 0.1350371597 0.1485029999 0.5561720000 0.4182310000 0.3348080000 0.2534160000 0.1893370000 0.1462500000 0.1183310000 0.1030420000 0.4478810000 0.3393050000 0.2795360000 0.2041490000 0.1478560000 0.1135140000 0.0884720000 0.1447224761 0.1567090765 0.1676899701 0.1777885292 0.1864309924 0.1892499006 0.1180695181 0.1350371597 0.1485029999 0.2486617653 0.0486154245 0.0159800756 0.0278911372 0.0395385235 0.0455510735 0.0399932458
0.3964790000 0.3197670000 0.2571960000 0.2121120000 0.1812680000 0.1631210000 0.0720401023 0.2096683581 0.2212877707 0.2316208137 0.2497830118 0.6547293204 0.4220610011 0.3197670000 0.2571960000 0.2121120000 0.1812680000 0.2914597446 0.1268065245 0.0793600000 0.2096683581 0.2316208137 0.2407941097 0.0853518327 0.1008618718 0.1126578513 0.5992460000 0.4740310000 0.3964790000 0.3197670000 0.2571960000 0.2121120000 0.1812680000 0.1631210000 0.4094120000 0.2919980000 0.2326980000 0.1600800000 0.1075060000 0.0793600000 0.0593070000 0.2096683581 0.2212877707 0.2316208137 0.2407941097 0.2484154524 0.2499693824 0.0853518327 0.1008618718 0.1126578513 0.2870772138 0.0609000947 0.0218203636 0.0348649304 0.0483936272 0.0564339875 0.0512435915
0.8247460000 0.8066250000 0.7850700000 0.7668230000 0.7561590000 0.7529920000 0.2970984499 0.7713256618 0.7738147393 0.7750980968 0.7748188808 0.8907354546 0.8299869588 0.8066250000 0.7850700000 0.7668230000 0.7561590000 0.4608519805 0.3134618759 0.3005570000 0.7713256618 0.7750980968 0.7753084766 0.3162140741 0.3161709677 0.3043859374 0.8739780000 0.8406340000 0.8247460000 0.8066250000 0.7850700000 0.7668230000 0.7561590000 0.7529920000 0.6019380000 0.4720240000 0.3954530000 0.3341010000 0.3014900000 0.3005570000 0.2980100000 0.7713256618 0.7738147393 0.7750980968 0.7753084766 0.7749977220 0.7720479269 0.3162140741 0.3161709677 0.3043859374 0.7591355440 0.6207834237 0.6076000410 0.6305241177 0.6211172396 0.6034154844 0.5801481169
0.2892400000 0.2099130000 0.1494180000 0.1101100000 0.0839960000 0.0704930000 0.0150506835 0.1086615800 0.1201990670 0.1305910707 0.1489179090 0.5589104062 0.3136585531 0.2099130000 0.1494180000 0.1101100000 0.0839960000 0.1601207423 0.0369489798 0.0191220000 0.1086615800 0.1305910707 0.1399049907 0.0258414748 0.0329709810 0.0325284279 0.4917240000 0.3632650000 0.2892400000 0.2099130000 0.1494180000 0.1101100000 0.0839960000 0.0704930000 0.2558100000 0.1464860000 0.1101000000 0.0562660000 0.0257440000 0.0191220000 0.0100270000 0.1086615800 0.1201990670 0.1305910707 0.1399049907 0.1475754008 0.1494768341 0.0258414748 0.0329709810 0.0325284279 0.2303763973 0.0458176619 0.0154426313 0.0275288861 0.0377436437 0.0417055412 0.0350443106
0.2594450000 0.1764030000 0.1181150000 0.0823870000 0.0593260000 0.0482870000 0.0121730532 0.0826468178 0.0938114885 0.1037996999 0.1211657146 0.5371183066 0.2850223829 0.1764030000 0.1181150000 0.0823870000 0.0593260000 0.1634205139 0.0360115914 0.0157950000 0.0826468178 0.1037996999 0.1126718716 0.0232923411 0.0310450793 0.0307058889 0.4672440000 0.3369830000 0.2594450000 0.1764030000 0.1181150000 0.0823870000 0.0593260000 0.0482870000 0.2634770000 0.1499190000 0.1117830000 0.0564830000 0.0241370000 0.0157950000 0.0068550000 0.0826468178 0.0938114885 0.1037996999 0.1126718716 0.1199092448 0.1214380553 0.0232923411 0.0310450793 0.0307058889 0.2693508826 0.0654863072 0.0257055884 0.0391583572 0.0514700697 0.0579962197 0.0525326787
0.5974050000 0.5480630000 0.5077980000 0.4804430000 0.4615520000 0.4497210000 0.1310482700 0.4834608280 0.4900026744 0.4945961146 0.4991733581 0.7755099558 0.6150341892 0.5480630000 0.5077980000 0.4804430000 0.4615520000 0.3889221892 0.2074796676 0.1416580000 0.4834608280 0.4945961146 0.4974133440 0.1438153473 0.1658248946 0.1881721287 0.7386230000 0.6508480000 0.5974050000 0.5480630000 0.5077980000 0.4804430000 0.4615520000 0.4497210000 0.5160410000 0.3966850000 0.3272340000 0.2478320000 0.1840730000 0.1416580000 0.1129180000 0.4834608280 0.4900026744 0.4945961146 0.4974133440 0.4990241697 0.4956281022 0.1438153473 0.1658248946 0.1881721287 0.4293490439 0.1337320820 0.0654675556 0.0818618321 0.1027661400 0.1198352332 0.1186751967
0.1317060000 0.0714910000 0.0340190000 0.0215380000 0.0109050000 0.0074400000 0.0081196286 0.0245639875 0.0322287138 0.0376088031 0.0423982044 0.3872768244 0.1474651618 0.0714910000 0.0340190000 0.0215380000 0.0109050000 0.1304357359 0.0241636525 0.0123340000 0.0245639875 0.0376088031 0.0408338242 0.0180065071 0.0230540942 0.0202415891 0.3005420000 0.1794800000 0.1317060000 0.0714910000 0.0340190000 0.0215380000 0.0109050000 0.0074400000 0.1890070000 0.1121830000 0.0927920000 0.0396960000 0.0151540000 0.0123340000 0.0037340000 0.0245639875 0.0322287138 0.0376088031 0.0408338242 0.0424053053 0.0392484605 0.0180065071 0.0230540942 0.0202415891 0.1322369286 0.0230592045 0.0066051099 0.0165147722 0.0215482668 0.0197778449 0.0121644078
0.6715400000 0.6328660000 0.5994340000 0.5742780000 0.5542040000 0.5399140000 0.1044378130 0.5730095216 0.5792052659 0.5836815332 0.5879749789 0.8135965542 0.6852404494 0.6328660000 0.5994340000 0.5742780000 0.5542040000 0.3804916111 0.1798467139 0.1109540000 0.5730095216 0.5836815332 0.5864956197 0.1210842136 0.1408714224 0.1606180653 0.7834070000 0.7130730000 0.6715400000 0.6328660000 0.5994340000 0.5742780000 0.5542040000 0.5399140000 0.5237770000 0.3924960000 0.3116490000 0.2239160000 0.1542840000 0.1109540000 0.0868000000 0.5730095216 0.5792052659 0.5836815332 0.5864956197 0.5879283886 0.5845418951 0.1210842136 0.1408714224 0.1606180653 0.5203772097 0.2182035051 0.1333617334 0.1531273815 0.1746857676 0.1920073191 0.1898353022
0.4513920000 0.3725020000 0.3048170000 0.2511700000 0.2135560000 0.1909430000 0.0367136787 0.2464558001 0.2590491815 0.2703593027 0.2900004135 0.6911091674 0.4766078465 0.3725020000 0.3048170000 0.2511700000 0.2135560000 0.2529697974 0.0784650217 0.0401380000 0.2464558001 0.2703593027 0.2804280467 0.0516507100 0.0638890417 0.0703787976 0.6420710000 0.5278340000 0.4513920000 0.3725020000 0.3048170000 0.2511700000 0.2135560000 0.1909430000 0.3969370000 0.2557940000 0.1839740000 0.1097430000 0.0603220000 0.0401380000 0.0280590000 0.2464558001 0.2590491815 0.2703593027 0.2804280467 0.2886013776 0.2898674805 0.0516507100 0.0638890417 0.0703787976 0.3861505399 0.1146055757 0.0532223536 0.0707782352 0.0877985441 0.0988346730 0.0930101692
0.5486020000 0.4927970000 0.4484560000 0.4195780000 0.4013300000 0.3911970000 0.2146026014 0.4229144897 0.4301721012 0.4358918392 0.4443685103 0.7499886150 0.5685518177 0.4927970000 0.4484560000 0.4195780000 0.4013300000 0.4349445851 0.2803873430 0.2250250000 0.4229144897 0.4358918392 0.4402924745 0.2254828424 0.2443805746 0.2632636757 0.7083710000 0.6090800000 0.5486020000 0.4927970000 0.4484560000 0.4195780000 0.4013300000 0.3911970000 0.5417530000 0.4392580000 0.3824780000 0.3145880000 0.2605490000 0.2250250000 0.1989950000 0.4229144897 0.4301721012 0.4358918392 0.4402924745 0.4437517057 0.4427257614 0.2254828424 0.2443805746 0.2632636757 0.3741534062 0.0990501747 0.0431431823 0.0572302402 0.0762960229 0.0918509557 0.0910735790
0.4309320000 0.3546680000 0.2912550000 0.2441190000 0.2115610000 0.1920130000 0.0706725010 0.2425985535 0.2540033534 0.2637598874 0.2796675644 0.6802027955 0.4564213079 0.3546680000 0.2912550000 0.2441190000 0.2115610000 0.3015385949 0.1288333623 0.0780160000 0.2425985535 0.2637598874 0.2720031900 0.0845163546 0.1010397695 0.1139294520 0.6286820000 0.5082030000 0.4309320000 0.3546680000 0.2912550000 0.2441190000 0.2115610000 0.1920130000 0.4287080000 0.3044160000 0.2392770000 0.1639150000 0.1084840000 0.0780160000 0.0572610000 0.2425985535 0.2540033534 0.2637598874 0.2720031900 0.2785578943 0.2785092674 0.0845163546 0.1010397695 0.1139294520 0.3244926670 0.0746093644 0.0285478791 0.0428876378 0.0581637566 0.0679991664 0.0629936776
0.1252750000 0.0650350000 0.0306400000 0.0199750000 0.0096330000 0.0065350000 0.0059296137 0.0225242638 0.0297393611 0.0347533037 0.0390757802 0.3650558146 0.1392245005 0.0650350000 0.0306400000 0.0199750000 0.0096330000 0.1149881243 0.0188272201 0.0100890000 0.0225242638 0.0347533037 0.0376997631 0.0152447543 0.0192229977 0.0149615997 0.2765450000 0.1675630000 0.1252750000 0.0650350000 0.0306400000 0.0199750000 0.0096330000 0.0065350000 0.1618440000 0.0933110000 0.0818530000 0.0325590000 0.0108620000 0.0100890000 0.0022010000 0.0225242638 0.0297393611 0.0347533037 0.0376997631 0.0390962486 0.0361765768 0.0152447543 0.0192229977 0.0149615997 0.1394203737 0.0238405687 0.0073898926 0.0172946702 0.0226180158 0.0214586618 0.0142831399
0.4433140000 0.3693910000 0.3092400000 0.2662380000 0.2378060000 0.2211750000 0.2424959428 0.2632112498 0.2743673322 0.2848804270 0.3056406427 0.6937233211 0.4686601447 0.3693910000 0.3092400000 0.2662380000 0.2378060000 0.4605801135 0.3112868576 0.2541980000 0.2632112498 0.2848804270 0.2949123422 0.2548705212 0.2723592861 0.2887221524 0.6425120000 0.5201510000 0.4433140000 0.3693910000 0.3092400000 0.2662380000 0.2378060000 0.2211750000 0.5568680000 0.4649250000 0.4121430000 0.3453660000 0.2915190000 0.2541980000 0.2259030000 0.2632112498 0.2743673322 0.2848804270 0.2949123422 0.3038730764 0.3078799738 0.2548705212 0.2723592861 0.2887221524 0.3048993757 0.0680219859 0.0256585511 0.0382267444 0.0534611293 0.0644130021 0.0616622361
0.3491100000 0.2696780000 0.2062520000 0.1625540000 0.1334790000 0.1171150000 0.0719535611 0.1606623527 0.1725425285 0.1832428727 0.2024481512 0.6235566545 0.3757142651 0.2696780000 0.2062520000 0.1625540000 0.1334790000 0.2868960423 0.1258189657 0.0795240000 0.1606623527 0.1832428727 0.1928829798 0.0854035774 0.1002445173 0.1108920180 0.5632510000 0.4297610000 0.3491100000 0.2696780000 0.2062520000 0.1625540000 0.1334790000 0.1171150000 0.3973130000 0.2865910000 0.2306760000 0.1583450000 0.1069520000 0.0795240000 0.0592780000 0.1606623527 0.1725425285 0.1832428727 0.1928829798 0.2009773074 0.2030830610 0.0854035774 0.1002445173 0.1108920180 0.2465183582 0.0478262722 0.0156081264 0.0276563661 0.0390179593 0.0444517387 0.0383447242
0.7209580000 0.6896880000 0.6606750000 0.6365400000 0.6156920000 0.6004470000 0.1259744148 0.6323321264 0.6382898256 0.6428341464 0.6478687363 0.8383023974 0.7318387291 0.6896880000 0.6606750000 0.6365400000 0.6156920000 0.3926176934 0.1903896376 0.1280360000 0.6323321264 0.6428341464 0.6459718323 0.1455882352 0.1602546239 0.1732729971 0.8124210000 0.7539430000 0.7209580000 0.6896880000 0.6606750000 0.6365400000 0.6156920000 0.6004470000 0.5410230000 0.4064640000 0.3217320000 0.2334020000 0.1654400000 0.1280360000 0.1116410000 0.6323321264 0.6382898256 0.6428341464 0.6459718323 0.6477603020 0.6451700671 0.1455882352 0.1602546239 0.1732729971 0.5861934032 0.3016644778 0.2145531867 0.2365447529 0.2549891111 0.2686227647 0.2638150903
0.5971370000 0.5464080000 0.5040810000 0.4736950000 0.4518550000 0.4376690000 0.1106457411 0.4747249203 0.4819488740 0.4873215837 0.4935967933 0.7751120127 0.6149159498 0.5464080000 0.5040810000 0.4736950000 0.4518550000 0.3747393048 0.1869719964 0.1203820000 0.4747249203 0.4873215837 0.4909833134 0.1243180863 0.1460565064 0.1678623985 0.7383620000 0.6510340000 0.5971370000 0.5464080000 0.5040810000 0.4736950000 0.4518550000 0.4376690000 0.5075670000 0.3833700000 0.3104560000 0.2283610000 0.1629640000 0.1203820000 0.0926150000 0.4747249203 0.4819488740 0.4873215837 0.4909833134 0.4933223827 0.4904288940 0.1243180863 0.1460565064 0.1678623985 0.4421793352 0.1449592676 0.0736586343 0.0906821770 0.1117637786 0.1288526214 0.1274282658
0.4938600000 0.4278720000 0.3742350000 0.3366040000 0.3118110000 0.2973330000 0.2313170316 0.3362971824 0.3457667741 0.3541225381 0.3692090421 0.7214240078 0.5168060179 0.4278720000 0.3742350000 0.3366040000 0.3118110000 0.4448368505 0.2958079644 0.2418890000 0.3362971824 0.3541225381 0.3615625031 0.2430370898 0.2602751346 0.2765400761 0.6749200000 0.5634210000 0.4938600000 0.4278720000 0.3742350000 0.3366040000 0.3118110000 0.2973330000 0.5454570000 0.4484990000 0.3948800000 0.3289960000 0.2765570000 0.2418890000 0.2159330000 0.3362971824 0.3457667741 0.3541225381 0.3615625031 0.3679768167 0.3695572678 0.2430370898 0.2602751346 0.2765400761 0.3354799559 0.0800018115 0.0320235169 0.0452607029 0.0621975701 0.0751873097 0.0732480763
0.7350220000 0.6877000000 0.6384860000 0.5945980000 0.5645600000 0.5459140000 0.1944038773 0.5928304523 0.6004835295 0.6070361085 0.6179183491 0.8541661303 0.7483460689 0.6877000000 0.6384860000 0.5945980000 0.5645600000 0.4140944627 0.2500007272 0.2092100000 0.5928304523 0.6070361085 0.6126155338 0.2128121428 0.2233874063 0.2225353802 0.8311110000 0.7754140000 0.7350220000 0.6877000000 0.6384860000 0.5945980000 0.5645600000 0.5459140000 0.5657590000 0.4256760000 0.3438230000 0.2773510000 0.2341360000 0.2092100000 0.1823170000 0.5928304523 0.6004835295 0.6070361085 0.6126155338 0.6171540354 0.6168631695 0.2128121428 0.2233874063 0.2225353802 0.7024242706 0.4993613502 0.4212894858 0.4449867146 0.4539714497 0.4547277197 0.4399387664
0.9509040000 0.9383680000 0.9217530000 0.9010560000 0.8860670000 0.8776400000 0.7845836180 0.8980571422 0.9010145210 0.9037754128 0.9089876254 0.9737655065 0.9540806385 0.9383680000 0.9217530000 0.9010560000 0.8860670000 0.9087275508 0.8547952050 0.7929420000 0.8980571422 0.9037754128 0.9063649640 0.7954381963 0.8055322423 0.8140459917 0.9699590000 0.9605340000 0.9509040000 0.9383680000 0.9217530000 0.9010560000 0.8860670000 0.8776400000 0.9183060000 0.9037030000 0.9049050000 0.8851960000 0.8371610000 0.7929420000 0.7680380000 0.8980571422 0.9010145210 0.9037754128 0.9063649640 0.9085955323 0.9091788001 0.7954381963 0.8055322423 0.8140459917 0.9615188947 0.9111810209 0.8731956318 0.8800358689 0.8855695139 0.8901253933 0.8893280718
0.6476950000 0.6004040000 0.5573100000 0.5213710000 0.4928620000 0.4729640000 0.0894817577 0.5172561565 0.5253508769 0.5317881925 0.5402683786 0.8032684931 0.6635287122 0.6004040000 0.5573100000 0.5213710000 0.4928620000 0.3595689299 0.1577743858 0.0942420000 0.5172561565 0.5317881925 0.5366198311 0.1072118914 0.1246476969 0.1404005017 0.7714900000 0.6956950000 0.6476950000 0.6004040000 0.5573100000 0.5213710000 0.4928620000 0.4729640000 0.5081080000 0.3716460000 0.2884320000 0.2004760000 0.1330050000 0.0942420000 0.0739850000 0.5172561565 0.5253508769 0.5317881925 0.5366198311 0.5398763501 0.5375245269 0.1072118914 0.1246476969 0.1404005017 0.5163267582 0.2145799177 0.1291474883 0.1499609372 0.1706736343 0.1864331467 0.1825861948
0.6943510000 0.6557070000 0.6192390000 0.5875070000 0.5612130000 0.5426450000 0.1138412378 0.5814648116 0.5888673441 0.5950085018 0.6038328675 0.8256366620 0.7071809251 0.6557070000 0.6192390000 0.5875070000 0.5612130000 0.3755591751 0.1744542579 0.1158300000 0.5814648116 0.5950085018 0.5998999976 0.1332909285 0.1472934467 0.1587429619 0.7976940000 0.7332450000 0.6943510000 0.6557070000 0.6192390000 0.5875070000 0.5612130000 0.5426450000 0.5263200000 0.3888660000 0.3036500000 0.2160730000 0.1503130000 0.1158300000 0.1007200000 0.5814648116 0.5888673441 0.5950085018 0.5998999976 0.6033755193 0.6020870107 0.1332909285 0.1472934467 0.1587429619 0.5717432504 0.2859115482 0.1984659987 0.2204234612 0.2391493472 0.2528623052 0.2479172017
0.1544670000 0.0884980000 0.0469970000 0.0300450000 0.0171780000 0.0125240000 0.0067957794 0.0326942232 0.0410253787 0.0473372175 0.0547691948 0.4134018283 0.1722515575 0.0884980000 0.0469970000 0.0300450000 0.0171780000 0.1200483632 0.0209081860 0.0109560000 0.0326942232 0.0473372175 0.0517396774 0.0163047273 0.0206630781 0.0168157093 0.3296100000 0.2083810000 0.1544670000 0.0884980000 0.0469970000 0.0300450000 0.0171780000 0.0125240000 0.1742740000 0.0990300000 0.0846000000 0.0354450000 0.0124760000 0.0109560000 0.0028840000 0.0326942232 0.0410253787 0.0473372175 0.0517396774 0.0545043622 0.0523901564 0.0163047273 0.0206630781 0.0168157093 0.1493096950 0.0259998695 0.0078259427 0.0180256571 0.0238943205 0.0230885710 0.0156249851
0.3024470000 0.2172250000 0.1539290000 0.1123270000 0.0853460000 0.0714620000 0.0151082512 0.1110727859 0.1229978196 0.1339826650 0.1540930645 0.5753463539 0.3287111702 0.2172250000 0.1539290000 0.1123270000 0.0853460000 0.1746563026 0.0423962884 0.0186760000 0.1110727859 0.1339826650 0.1440807089 0.0265872509 0.0352232008 0.0357307392 0.5104020000 0.3820670000 0.3024470000 0.2172250000 0.1539290000 0.1123270000 0.0853460000 0.0714620000 0.2872900000 0.1629430000 0.1188660000 0.0642860000 0.0296990000 0.0186760000 0.0090450000 0.1110727859 0.1229978196 0.1339826650 0.1440807089 0.1525634633 0.1551856272 0.0265872509 0.0352232008 0.0357307392 0.2998529052 0.0797099786 0.0332232410 0.0475422834 0.0614544960 0.0696201528 0.0644305815
0.0743080000 0.0167460000 0.0066340000 0.0089550000 0.0005710000 0.0001790000 0.0038670765 0.0099300216 0.0137091483 0.0149868997 0.0103812808 0.1973656556 0.0746655780 0.0167460000 0.0066340000 0.0089550000 0.0005710000 0.0902772566 0.0069093560 0.0087020000 0.0099300216 0.0149868997 0.0138414912 0.0114619757 0.0129166456 0.0069766941 0.0971230000 0.0753920000 0.0743080000 0.0167460000 0.0066340000 0.0089550000 0.0005710000 0.0001790000 0.0740860000 0.0730420000 0.0724900000 0.0086960000 0.0058730000 0.0087020000 0.0001910000 0.0099300216 0.0137091483 0.0149868997 0.0138414912 0.0112233819 0.0061463957 0.0114619757 0.0129166456 0.0069766941 0.0743440414 0.0076654894 0.0038954908 0.0116741604 0.0131946161 0.0088241512 0.0022875428
0.6547490000 0.5941410000 0.5349840000 0.4827920000 0.4463360000 0.4236800000 0.0978505535 0.4773534129 0.4876252773 0.4971253776 0.5147742615 0.8121832653 0.6724923239 0.5941410000 0.5349840000 0.4827920000 0.4463360000 0.3336701991 0.1526200454 0.1083580000 0.4773534129 0.4971253776 0.5059273030 0.1145707824 0.1284376996 0.1334163634 0.7821540000 0.7085380000 0.6547490000 0.5941410000 0.5349840000 0.4827920000 0.4463360000 0.4236800000 0.4954930000 0.3444350000 0.2581040000 0.1835050000 0.1347050000 0.1083580000 0.0857680000 0.4773534129 0.4876252773 0.4971253776 0.5059273030 0.5134238150 0.5154469517 0.1145707824 0.1284376996 0.1334163634 0.6023701135 0.3362349111 0.2387359991 0.2620605646 0.2804642427 0.2921303662 0.2842288543
